issue,dataset,label_column,label,code_column,codes_found,problem
N4,ihhl_new_identification_new1_api,dstrt_nm,Annamayya,lgd_dist_code,504 YSR KADAPA ; 753 ANNAMAYYA,One district label carries more than one LGD district code in the same dataset
N4,sasa_50_percent_green_spaces_api,dstrt_nm,"""Ambedkar Konaseema""",lgd_dist_code,505 EAST GODAVARI ; 747 DR.B.R.AMBEDKAR KONASEEMA ; 752 TIRUPATI,One district label carries more than one LGD district code in the same dataset
N4,sasa_50_percent_green_spaces_api,dstrt_nm,Annamayya,lgd_dist_code,504 YSR KADAPA ; 753 ANNAMAYYA,One district label carries more than one LGD district code in the same dataset
N4,sasa_50_percent_green_spaces_api,"dstrt_nm, ulb_nm","RAMACHANDRAPURAM (""Ambedkar Konaseema"")",lgd_mandal_code,1065 RAMACHANDRAPURAM in 747 DR.B.R.AMBEDKAR KONASEEMA ; 4924 RAMACHANDRAPURAM in 747 DR.B.R.AMBEDKAR KONASEEMA ; 5398 RAMACHANDRAPURAM in 752 TIRUPATI,"One ULB carries mandal codes in different districts, so at least one points to the wrong place"
N4,sasa_50_percent_greencover_api,dstrt_nm,"""Ambedkar Konaseema""",lgd_dist_code,505 EAST GODAVARI ; 747 DR.B.R.AMBEDKAR KONASEEMA ; 752 TIRUPATI,One district label carries more than one LGD district code in the same dataset
N4,sasa_50_percent_greencover_api,dstrt_nm,Annamayya,lgd_dist_code,504 YSR KADAPA ; 753 ANNAMAYYA,One district label carries more than one LGD district code in the same dataset
N4,sasa_50_percent_greencover_api,"dstrt_nm, ulb_nm","RAMACHANDRAPURAM (""Ambedkar Konaseema"")",lgd_mandal_code,1065 RAMACHANDRAPURAM in 747 DR.B.R.AMBEDKAR KONASEEMA ; 4924 RAMACHANDRAPURAM in 747 DR.B.R.AMBEDKAR KONASEEMA ; 5398 RAMACHANDRAPURAM in 752 TIRUPATI,"One ULB carries mandal codes in different districts, so at least one points to the wrong place"
N4,sasa_50_percent_rejuvenation_api,dstrt_nm,"""Ambedkar Konaseema""",lgd_dist_code,505 EAST GODAVARI ; 747 DR.B.R.AMBEDKAR KONASEEMA ; 752 TIRUPATI,One district label carries more than one LGD district code in the same dataset
N4,sasa_50_percent_rejuvenation_api,dstrt_nm,Annamayya,lgd_dist_code,504 YSR KADAPA ; 753 ANNAMAYYA,One district label carries more than one LGD district code in the same dataset
N4,sasa_50_percent_rejuvenation_api,"dstrt_nm, ulb_nm","RAMACHANDRAPURAM (""Ambedkar Konaseema"")",lgd_mandal_code,1065 RAMACHANDRAPURAM in 747 DR.B.R.AMBEDKAR KONASEEMA ; 4924 RAMACHANDRAPURAM in 747 DR.B.R.AMBEDKAR KONASEEMA ; 5398 RAMACHANDRAPURAM in 752 TIRUPATI,"One ULB carries mandal codes in different districts, so at least one points to the wrong place"
N4,sewage_treated_qty_new1_api,dstrt_nm,Chittoor,lgd_dist_code,503 CHITTOOR ; 753 ANNAMAYYA,One district label carries more than one LGD district code in the same dataset
N4,sewage_treated_qty_new1_api,dstrt_nm,Prakasam,lgd_dist_code,517 PRAKASAM ; 790 MARKAPURAM,One district label carries more than one LGD district code in the same dataset
N4,swacch_survekshan_info_new1_api,dstrt_nm,"""Dr. B.R. Ambedkar Konaseema""",lgd_dist_code,747 DR.B.R.AMBEDKAR KONASEEMA ; 752 TIRUPATI,One district label carries more than one LGD district code in the same dataset
N4,swacch_survekshan_info_new1_api,dstrt_nm,"""SPSR Nellore""",lgd_dist_code,511 KURNOOL ; 515 SRI POTTI SRIRAMULU NELLORE,One district label carries more than one LGD district code in the same dataset
N4,swacch_survekshan_info_new1_api,"dstrt_nm, ulb_nm","GUDUR (""SPSR Nellore"")",lgd_mandal_code,5184 GUDUR in 515 SRI POTTI SRIRAMULU NELLORE ; 5257 GUDUR in 511 KURNOOL,"One ULB carries mandal codes in different districts, so at least one points to the wrong place"
N4,swacch_survekshan_info_new1_api,"dstrt_nm, ulb_nm",GUDURU (Kurnool),"lgd_dist_code, lgd_mandal_code","510 KRISHNA, mandal 5031",Listed under Kurnool but coded to Guduru mandal in Krishna
N4,swacch_survekshan_info_new1_api,dstrt_nm,Kurnool,lgd_dist_code,510 KRISHNA ; 511 KURNOOL,One district label carries more than one LGD district code in the same dataset
N4,swacch_survekshan_info_new1_api,"dstrt_nm, ulb_nm","RAMACHANDRAPURAM (""Dr. B.R. Ambedkar Konaseema"")",lgd_mandal_code,1065 RAMACHANDRAPURAM in 747 DR.B.R.AMBEDKAR KONASEEMA ; 4924 RAMACHANDRAPURAM in 747 DR.B.R.AMBEDKAR KONASEEMA ; 5398 RAMACHANDRAPURAM in 752 TIRUPATI,"One ULB carries mandal codes in different districts, so at least one points to the wrong place"
N5,msw_door_to_door_collection_api,district_name,Markapuram,district_code,NULL,"51 secretariats a day (GIDDALUR, KANIGIRI, MARKAPUR, PODILI), 816 rows over 16 days"
N5,waste_egregation_api,district_name,Markapuram,district_code,NULL,"51 secretariats a day (GIDDALUR, KANIGIRI, MARKAPUR, PODILI), 816 rows over 16 days"
A3,msw_door_to_door_collection_api,ulb_name,GVMC (ulb_code 1086),api_lgd_mandal_code,1086 ; 1087 ; 1089 ; 4865,"One ULB spans several mandal codes, so a mandal code cannot stand in for it"
A3,msw_door_to_door_collection_api,ulb_code,all ULBs,api_lgd_mandal_code,3917 of 4023 rows equal on 12 August,"ulb_code holds the mandal code, so it cannot identify a ULB"
A3,waste_egregation_api,ulb_name,GVMC (ulb_code 1086),api_lgd_mandal_code,1086 ; 1087 ; 1089 ; 4865,"One ULB spans several mandal codes, so a mandal code cannot stand in for it"
A3,waste_egregation_api,ulb_code,all ULBs,api_lgd_mandal_code,3917 of 4023 rows equal on 12 August,"ulb_code holds the mandal code, so it cannot identify a ULB"
C1,sasa_50_percent_green_spaces_api,"dstrt_nm, ulb_nm",ADDANKI (Prakasam),lgd_mandal_code,1147 ADDANKI in 517 PRAKASAM ; 5112 ADDANKI in 517 PRAKASAM,"One ULB carries two mandal codes in the same district, which looks like two coding schemes in one table"
C1,sasa_50_percent_green_spaces_api,"dstrt_nm, ulb_nm",ADONI (Kurnool),lgd_mandal_code,1015 ADONI in 511 KURNOOL ; 5271 ADONI in 511 KURNOOL,"One ULB carries two mandal codes in the same district, which looks like two coding schemes in one table"
C1,sasa_50_percent_green_spaces_api,"dstrt_nm, ulb_nm",ALLAGADDA (Nandyala),lgd_mandal_code,1162 ALLAGADDA in 755 NANDYAL ; 5298 ALLAGADDA in 755 NANDYAL,"One ULB carries two mandal codes in the same district, which looks like two coding schemes in one table"
C1,sasa_50_percent_green_spaces_api,"dstrt_nm, ulb_nm","AMALAPURAM (""Ambedkar Konaseema"")",lgd_mandal_code,1059 AMALAPURAM in 747 DR.B.R.AMBEDKAR KONASEEMA ; 4941 AMALAPURAM in 747 DR.B.R.AMBEDKAR KONASEEMA,"One ULB carries two mandal codes in the same district, which looks like two coding schemes in one table"
C1,sasa_50_percent_green_spaces_api,"dstrt_nm, ulb_nm",BAPATLA (Bapatla),lgd_mandal_code,1019 BAPATLA in 750 BAPATLA ; 5093 BAPATLA in 750 BAPATLA,"One ULB carries two mandal codes in the same district, which looks like two coding schemes in one table"
C1,sasa_50_percent_green_spaces_api,"dstrt_nm, ulb_nm",BETHAMCHARLA (Nandyala),lgd_mandal_code,1182 BETHAMCHERLA in 755 NANDYAL ; 5279 BETHAMCHERLA in 755 NANDYAL,"One ULB carries two mandal codes in the same district, which looks like two coding schemes in one table"
C1,sasa_50_percent_green_spaces_api,"dstrt_nm, ulb_nm","BHIMAVARAM (""West Godavari District"")",lgd_mandal_code,1074 BHIMAVARAM in 523 WEST GODAVARI ; 4984 BHIMAVARAM in 523 WEST GODAVARI,"One ULB carries two mandal codes in the same district, which looks like two coding schemes in one table"
C1,sasa_50_percent_green_spaces_api,"dstrt_nm, ulb_nm",BOBBILI (Vizianagaram),lgd_mandal_code,1090 BOBBILI in 521 VIZIANAGARAM ; 4816 BOBBILI in 521 VIZIANAGARAM,"One ULB carries two mandal codes in the same district, which looks like two coding schemes in one table"
C1,sasa_50_percent_green_spaces_api,"dstrt_nm, ulb_nm",BUCHIREDDYPALEM (Nellore),lgd_mandal_code,1185 BUCHIREDDYPALEM in 515 SRI POTTI SRIRAMULU NELLORE ; 5170 BUCHIREDDYPALEM in 515 SRI POTTI SRIRAMULU NELLORE,"One ULB carries two mandal codes in the same district, which looks like two coding schemes in one table"
C1,sasa_50_percent_green_spaces_api,"dstrt_nm, ulb_nm",CHINTALAPUDI (Eluru),lgd_mandal_code,1193 CHINTALAPUDI in 748 ELURU ; 4944 CHINTALAPUDI in 748 ELURU,"One ULB carries two mandal codes in the same district, which looks like two coding schemes in one table"
C1,sasa_50_percent_green_spaces_api,"dstrt_nm, ulb_nm",CHIRALA (Bapatla),lgd_mandal_code,1032 CHIRALA in 750 BAPATLA ; 5123 CHIRALA in 750 BAPATLA,"One ULB carries two mandal codes in the same district, which looks like two coding schemes in one table"
C1,sasa_50_percent_green_spaces_api,"dstrt_nm, ulb_nm",CHITTOOR (Chittoor),lgd_mandal_code,1008 CHITTOOR in 503 CHITTOOR ; 5421 CHITTOOR in 503 CHITTOOR,"One ULB carries two mandal codes in the same district, which looks like two coding schemes in one table"
C1,sasa_50_percent_green_spaces_api,"dstrt_nm, ulb_nm",DACHEPALLI (Palnadu),lgd_mandal_code,1183 DACHEPALLI in 751 PALNADU ; 5045 DACHEPALLI in 751 PALNADU,"One ULB carries two mandal codes in the same district, which looks like two coding schemes in one table"
C1,sasa_50_percent_green_spaces_api,"dstrt_nm, ulb_nm",DARSI (Prakasam),lgd_mandal_code,1186 DARSI in 517 PRAKASAM ; 5114 DARSI in 517 PRAKASAM,"One ULB carries two mandal codes in the same district, which looks like two coding schemes in one table"
C1,sasa_50_percent_green_spaces_api,"dstrt_nm, ulb_nm","DHARMAVARAM (""Sri Satya Sai"")",lgd_mandal_code,1002 DHARMAVARAM in 754 SRI SATHYA SAI ; 5336 DHARMAVARAM in 754 SRI SATHYA SAI,"One ULB carries two mandal codes in the same district, which looks like two coding schemes in one table"
C1,sasa_50_percent_green_spaces_api,"dstrt_nm, ulb_nm",DHONE (Nandyala),lgd_mandal_code,1125 DHONE in 755 NANDYAL ; 5289 DHONE in 755 NANDYAL,"One ULB carries two mandal codes in the same district, which looks like two coding schemes in one table"
C1,sasa_50_percent_green_spaces_api,"dstrt_nm, ulb_nm",ELURU (Eluru),lgd_mandal_code,1075 ELURU in 748 ELURU ; 4966 ELURU in 748 ELURU,"One ULB carries two mandal codes in the same district, which looks like two coding schemes in one table"
C1,sasa_50_percent_green_spaces_api,"dstrt_nm, ulb_nm",GIDDALUR (Markapuram),lgd_mandal_code,1148 GIDDALUR in 790 MARKAPURAM ; 5133 GIDDALUR in 790 MARKAPURAM,"One ULB carries two mandal codes in the same district, which looks like two coding schemes in one table"
C1,sasa_50_percent_green_spaces_api,"dstrt_nm, ulb_nm",GOOTY (Ananthapur),lgd_mandal_code,1156 GOOTY in 502 ANANTHAPURAMU ; 5310 GOOTY in 502 ANANTHAPURAMU,"One ULB carries two mandal codes in the same district, which looks like two coding schemes in one table"
C1,sasa_50_percent_green_spaces_api,"dstrt_nm, ulb_nm",GUDIVADA (Krishna),lgd_mandal_code,1068 GUDIVADA in 510 KRISHNA ; 5021 GUDIVADA in 510 KRISHNA,"One ULB carries two mandal codes in the same district, which looks like two coding schemes in one table"
C1,sasa_50_percent_green_spaces_api,"dstrt_nm, ulb_nm",GURAZALA (Palnadu),lgd_mandal_code,1184 GURAZALA in 751 PALNADU ; 5044 GURAZALA in 751 PALNADU,"One ULB carries two mandal codes in the same district, which looks like two coding schemes in one table"
C1,sasa_50_percent_green_spaces_api,"dstrt_nm, ulb_nm","HINDUPUR (""Sri Satya Sai"")",lgd_mandal_code,1004 HINDUPUR in 754 SRI SATHYA SAI ; 5364 HINDUPUR in 754 SRI SATHYA SAI,"One ULB carries two mandal codes in the same district, which looks like two coding schemes in one table"
C1,sasa_50_percent_green_spaces_api,"dstrt_nm, ulb_nm",JAGGAYYAPETA (NTR),lgd_mandal_code,1069 JAGGAYYAPETA in 749 NTR ; 4991 JAGGAYYAPETA in 749 NTR,"One ULB carries two mandal codes in the same district, which looks like two coding schemes in one table"
C1,sasa_50_percent_green_spaces_api,"dstrt_nm, ulb_nm",JAMMALAMADUGU (Kadapa),lgd_mandal_code,1124 JAMMALAMADUGU in 504 YSR KADAPA ; 5215 JAMMALAMADUGU in 504 YSR KADAPA,"One ULB carries two mandal codes in the same district, which looks like two coding schemes in one table"
C1,sasa_50_percent_green_spaces_api,"dstrt_nm, ulb_nm","KADIRI (""Sri Satya Sai"")",lgd_mandal_code,1005 KADIRI in 754 SRI SATHYA SAI ; 5343 KADIRI in 754 SRI SATHYA SAI,"One ULB carries two mandal codes in the same district, which looks like two coding schemes in one table"
C1,sasa_50_percent_green_spaces_api,"dstrt_nm, ulb_nm",KAMALAPURAM (Kadapa),lgd_mandal_code,1181 KAMALAPURAM in 504 YSR KADAPA ; 5224 KAMALAPURAM in 504 YSR KADAPA,"One ULB carries two mandal codes in the same district, which looks like two coding schemes in one table"
C1,sasa_50_percent_green_spaces_api,"dstrt_nm, ulb_nm",KANIGIRI (Markapuram),lgd_mandal_code,1150 KANIGIRI in 790 MARKAPURAM ; 5136 KANIGIRI in 790 MARKAPURAM,"One ULB carries two mandal codes in the same district, which looks like two coding schemes in one table"
C1,sasa_50_percent_green_spaces_api,"dstrt_nm, ulb_nm",KAVALI (Nellore),lgd_mandal_code,1030 KAVALI in 515 SRI POTTI SRIRAMULU NELLORE ; 5158 KAVALI in 515 SRI POTTI SRIRAMULU NELLORE,"One ULB carries two mandal codes in the same district, which looks like two coding schemes in one table"
C1,sasa_50_percent_green_spaces_api,"dstrt_nm, ulb_nm","KOVVUR (""East Godavari"")",lgd_mandal_code,1076 KOVVUR in 505 EAST GODAVARI ; 4958 KOVVUR in 505 EAST GODAVARI,"One ULB carries two mandal codes in the same district, which looks like two coding schemes in one table"
C1,sasa_50_percent_green_spaces_api,"dstrt_nm, ulb_nm",KUPPAM (Chittoor),lgd_mandal_code,1180 KUPPAM in 503 CHITTOOR ; 5427 KUPPAM in 503 CHITTOOR,"One ULB carries two mandal codes in the same district, which looks like two coding schemes in one table"
C1,sasa_50_percent_green_spaces_api,"dstrt_nm, ulb_nm",KURNOOL (Kurnool),lgd_mandal_code,1016 KURNOOL in 511 KURNOOL ; 5259 KURNOOL in 511 KURNOOL,"One ULB carries two mandal codes in the same district, which looks like two coding schemes in one table"
C1,sasa_50_percent_green_spaces_api,"dstrt_nm, ulb_nm",MACHERLA (Palnadu),lgd_mandal_code,1022 MACHERLA in 751 PALNADU ; 5040 MACHERLA in 751 PALNADU,"One ULB carries two mandal codes in the same district, which looks like two coding schemes in one table"
C1,sasa_50_percent_green_spaces_api,"dstrt_nm, ulb_nm",MACHILIPATNAM (Krishna),lgd_mandal_code,1070 MACHILIPATNAM in 510 KRISHNA ; 5034 MACHILIPATNAM in 510 KRISHNA,"One ULB carries two mandal codes in the same district, which looks like two coding schemes in one table"
C1,sasa_50_percent_green_spaces_api,"dstrt_nm, ulb_nm","MADAKASIRA (""Sri Satya Sai"")",lgd_mandal_code,1154 MADAKASIRA in 754 SRI SATHYA SAI ; 5350 MADAKASIRA in 754 SRI SATHYA SAI,"One ULB carries two mandal codes in the same district, which looks like two coding schemes in one table"
C1,sasa_50_percent_green_spaces_api,"dstrt_nm, ulb_nm",MARKAPUR (Markapuram),lgd_mandal_code,1034 MARKAPUR in 790 MARKAPURAM ; 5115 MARKAPUR in 790 MARKAPURAM,"One ULB carries two mandal codes in the same district, which looks like two coding schemes in one table"
C1,sasa_50_percent_green_spaces_api,"dstrt_nm, ulb_nm","MUMMIDIVARAM (""Ambedkar Konaseema"")",lgd_mandal_code,1139 MUMMIDIVARAM in 747 DR.B.R.AMBEDKAR KONASEEMA ; 4932 MUMMIDIVARAM in 747 DR.B.R.AMBEDKAR KONASEEMA,"One ULB carries two mandal codes in the same district, which looks like two coding schemes in one table"
C1,sasa_50_percent_green_spaces_api,"dstrt_nm, ulb_nm",MYDUKUR (Kadapa),lgd_mandal_code,1164 MYDUKUR in 504 YSR KADAPA ; 5204 MYDUKUR in 504 YSR KADAPA,"One ULB carries two mandal codes in the same district, which looks like two coding schemes in one table"
C1,sasa_50_percent_green_spaces_api,"dstrt_nm, ulb_nm",NAGARI (Chittoor),lgd_mandal_code,1118 NAGARI in 503 CHITTOOR ; 5406 NAGARI in 503 CHITTOOR,"One ULB carries two mandal codes in the same district, which looks like two coding schemes in one table"
C1,sasa_50_percent_green_spaces_api,"dstrt_nm, ulb_nm",NANDIGAMA (NTR),lgd_mandal_code,1145 NANDIGAMA in 749 NTR ; 4993 NANDIGAMA in 749 NTR,"One ULB carries two mandal codes in the same district, which looks like two coding schemes in one table"
C1,sasa_50_percent_green_spaces_api,"dstrt_nm, ulb_nm",NANDIKOTKUR (Nandyala),lgd_mandal_code,1161 NANDIKOTKUR in 755 NANDYAL ; 5260 NANDIKOTKUR in 755 NANDYAL,"One ULB carries two mandal codes in the same district, which looks like two coding schemes in one table"
C1,sasa_50_percent_green_spaces_api,"dstrt_nm, ulb_nm",NANDYAL (Nandyala),lgd_mandal_code,1017 NANDYAL in 755 NANDYAL ; 5284 NANDYAL in 755 NANDYAL,"One ULB carries two mandal codes in the same district, which looks like two coding schemes in one table"
C1,sasa_50_percent_green_spaces_api,"dstrt_nm, ulb_nm",NARSIPATNAM (Anakapalli),lgd_mandal_code,1136 NARSIPATNAM in 744 ANAKAPALLI ; 4854 NARSIPATNAM in 744 ANAKAPALLI,"One ULB carries two mandal codes in the same district, which looks like two coding schemes in one table"
C1,sasa_50_percent_green_spaces_api,"dstrt_nm, ulb_nm",NELLIMARLA (Vizianagaram),lgd_mandal_code,1135 NELLIMARLA in 521 VIZIANAGARAM ; 4837 NELLIMARLA in 521 VIZIANAGARAM,"One ULB carries two mandal codes in the same district, which looks like two coding schemes in one table"
C1,sasa_50_percent_green_spaces_api,"dstrt_nm, ulb_nm","NIDADAVOLE (""East Godavari"")",lgd_mandal_code,1078 NIDADAVOLE in 505 EAST GODAVARI ; 4960 NIDADAVOLE in 505 EAST GODAVARI,"One ULB carries two mandal codes in the same district, which looks like two coding schemes in one table"
C1,sasa_50_percent_green_spaces_api,"dstrt_nm, ulb_nm",ONGOLE (Prakasam),lgd_mandal_code,1035 ONGOLE in 517 PRAKASAM ; 5139 ONGOLE in 517 PRAKASAM,"One ULB carries two mandal codes in the same district, which looks like two coding schemes in one table"
C1,sasa_50_percent_green_spaces_api,"dstrt_nm, ulb_nm",PALAMANER (Chittoor),lgd_mandal_code,1117 PALAMANER in 503 CHITTOOR ; 5422 PALAMANER in 503 CHITTOOR,"One ULB carries two mandal codes in the same district, which looks like two coding schemes in one table"
C1,sasa_50_percent_green_spaces_api,"dstrt_nm, ulb_nm","PARVATHIPURAM (""Parvathipuram Manyam"")",lgd_mandal_code,1091 PARVATHIPURAM in 743 PARVATHIPURAM MANYAM ; 4812 PARVATHIPURAM in 743 PARVATHIPURAM MANYAM,"One ULB carries two mandal codes in the same district, which looks like two coding schemes in one table"
C1,sasa_50_percent_green_spaces_api,"dstrt_nm, ulb_nm",PEDANA (Krishna),lgd_mandal_code,1072 PEDANA in 510 KRISHNA ; 5030 PEDANA in 510 KRISHNA,"One ULB carries two mandal codes in the same district, which looks like two coding schemes in one table"
C1,sasa_50_percent_green_spaces_api,"dstrt_nm, ulb_nm",PEDDAPURAM (Kakinada),lgd_mandal_code,1062 PEDDAPURAM in 746 KAKINADA ; 4903 PEDDAPURAM in 746 KAKINADA,"One ULB carries two mandal codes in the same district, which looks like two coding schemes in one table"
C1,sasa_50_percent_green_spaces_api,"dstrt_nm, ulb_nm","PENUKONDA (""Sri Satya Sai"")",lgd_mandal_code,1179 PENUKONDA in 754 SRI SATHYA SAI ; 5356 PENUKONDA in 754 SRI SATHYA SAI,"One ULB carries two mandal codes in the same district, which looks like two coding schemes in one table"
C1,sasa_50_percent_green_spaces_api,"dstrt_nm, ulb_nm",PIDUGURALLA (Palnadu),lgd_mandal_code,1132 PIDUGURALLA in 751 PALNADU ; 5047 PIDUGURALLA in 751 PALNADU,"One ULB carries two mandal codes in the same district, which looks like two coding schemes in one table"
C1,sasa_50_percent_green_spaces_api,"dstrt_nm, ulb_nm",PITHAPURAM (Kakinada),lgd_mandal_code,1063 PITHAPURAM in 746 KAKINADA ; 4911 PITHAPURAM in 746 KAKINADA,"One ULB carries two mandal codes in the same district, which looks like two coding schemes in one table"
C1,sasa_50_percent_green_spaces_api,"dstrt_nm, ulb_nm",PODILI (Markapuram),lgd_mandal_code,1191 PODILI in 790 MARKAPURAM ; 5120 PODILI in 790 MARKAPURAM,"One ULB carries two mandal codes in the same district, which looks like two coding schemes in one table"
C1,sasa_50_percent_green_spaces_api,"dstrt_nm, ulb_nm",PONNUR (Guntur),lgd_mandal_code,1025 PONNUR in 506 GUNTUR ; 5084 PONNUR in 506 GUNTUR,"One ULB carries two mandal codes in the same district, which looks like two coding schemes in one table"
C1,sasa_50_percent_green_spaces_api,"dstrt_nm, ulb_nm",PRODDATUR (Kadapa),lgd_mandal_code,1014 PRODDATUR in 504 YSR KADAPA ; 5214 PRODDATUR in 504 YSR KADAPA,"One ULB carries two mandal codes in the same district, which looks like two coding schemes in one table"
C1,sasa_50_percent_green_spaces_api,"dstrt_nm, ulb_nm",PULIVENDULA (Kadapa),lgd_mandal_code,1122 PULIVENDULA in 504 YSR KADAPA ; 5219 PULIVENDULA in 504 YSR KADAPA,"One ULB carries two mandal codes in the same district, which looks like two coding schemes in one table"
C1,sasa_50_percent_green_spaces_api,"dstrt_nm, ulb_nm",PUNGUNUR (Annamayya),lgd_mandal_code,1010 PUNGANUR in 753 ANNAMAYYA ; 5415 PUNGANUR in 753 ANNAMAYYA,"One ULB carries two mandal codes in the same district, which looks like two coding schemes in one table"
C1,sasa_50_percent_green_spaces_api,"dstrt_nm, ulb_nm","PUTTAPARTHY (""Sri Satya Sai"")",lgd_mandal_code,1155 PUTTAPARTHY in 754 SRI SATHYA SAI ; 5357 PUTTAPARTHY in 754 SRI SATHYA SAI,"One ULB carries two mandal codes in the same district, which looks like two coding schemes in one table"
C1,sasa_50_percent_green_spaces_api,"dstrt_nm, ulb_nm",PUTTUR (Tirupati),lgd_mandal_code,1119 PUTTUR in 752 TIRUPATI ; 5407 PUTTUR in 752 TIRUPATI,"One ULB carries two mandal codes in the same district, which looks like two coding schemes in one table"
C1,sasa_50_percent_green_spaces_api,"dstrt_nm, ulb_nm",RAJAM (Vizianagaram),lgd_mandal_code,1133 RAJAM in 521 VIZIANAGARAM ; 4796 RAJAM in 521 VIZIANAGARAM,"One ULB carries two mandal codes in the same district, which looks like two coding schemes in one table"
C1,sasa_50_percent_green_spaces_api,"dstrt_nm, ulb_nm",RAJAMPET (Annamayya),lgd_mandal_code,1120 RAJAMPET in 504 YSR KADAPA ; 5246 RAJAMPET in 504 YSR KADAPA,"One ULB carries two mandal codes in the same district, which looks like two coding schemes in one table"
C1,sasa_50_percent_green_spaces_api,"dstrt_nm, ulb_nm",RAYACHOTI (Annamayya),lgd_mandal_code,1121 RAYACHOTY in 753 ANNAMAYYA ; 5239 RAYACHOTY in 753 ANNAMAYYA,"One ULB carries two mandal codes in the same district, which looks like two coding schemes in one table"
C1,sasa_50_percent_green_spaces_api,"dstrt_nm, ulb_nm",RAYADURG (Ananthapur),lgd_mandal_code,1006 RAYADURG in 502 ANANTHAPURAMU ; 5305 RAYADURG in 502 ANANTHAPURAMU,"One ULB carries two mandal codes in the same district, which looks like two coding schemes in one table"
C1,sasa_50_percent_green_spaces_api,"dstrt_nm, ulb_nm",REPALLE (Bapatla),lgd_mandal_code,1026 REPALLE in 750 BAPATLA ; 5096 REPALLE in 750 BAPATLA,"One ULB carries two mandal codes in the same district, which looks like two coding schemes in one table"
C1,sasa_50_percent_green_spaces_api,"dstrt_nm, ulb_nm",SAMALKOTA (Kakinada),lgd_mandal_code,1066 SAMALKOT in 746 KAKINADA ; 4910 SAMALKOT in 746 KAKINADA,"One ULB carries two mandal codes in the same district, which looks like two coding schemes in one table"
C1,sasa_50_percent_green_spaces_api,"dstrt_nm, ulb_nm",SRIKAKULAM (Srikakulam),lgd_mandal_code,1085 SRIKAKULAM in 519 SRIKAKULAM ; 4802 SRIKAKULAM in 519 SRIKAKULAM,"One ULB carries two mandal codes in the same district, which looks like two coding schemes in one table"
C1,sasa_50_percent_green_spaces_api,"dstrt_nm, ulb_nm","TADEPALLIGUDEM (""West Godavari District"")",lgd_mandal_code,1080 TADEPALLIGUDEM in 523 WEST GODAVARI ; 4961 TADEPALLIGUDEM in 523 WEST GODAVARI,"One ULB carries two mandal codes in the same district, which looks like two coding schemes in one table"
C1,sasa_50_percent_green_spaces_api,"dstrt_nm, ulb_nm","TANUKU (""West Godavari District"")",lgd_mandal_code,1081 TANUKU in 523 WEST GODAVARI ; 4972 TANUKU in 523 WEST GODAVARI,"One ULB carries two mandal codes in the same district, which looks like two coding schemes in one table"
C1,sasa_50_percent_green_spaces_api,"dstrt_nm, ulb_nm",TENALI (Guntur),lgd_mandal_code,1028 TENALI in 506 GUNTUR ; 5078 TENALI in 506 GUNTUR,"One ULB carries two mandal codes in the same district, which looks like two coding schemes in one table"
C1,sasa_50_percent_green_spaces_api,"dstrt_nm, ulb_nm",TIRUVURU (NTR),lgd_mandal_code,1146 TIRUVURU in 749 NTR ; 4997 TIRUVURU in 749 NTR,"One ULB carries two mandal codes in the same district, which looks like two coding schemes in one table"
C1,sasa_50_percent_green_spaces_api,"dstrt_nm, ulb_nm",TUNI (Kakinada),lgd_mandal_code,1067 TUNI in 746 KAKINADA ; 4890 TUNI in 746 KAKINADA,"One ULB carries two mandal codes in the same district, which looks like two coding schemes in one table"
C1,sasa_50_percent_green_spaces_api,"dstrt_nm, ulb_nm",VENKATAGIRI (Tirupati),lgd_mandal_code,1127 VENKATAGIRI in 752 TIRUPATI ; 5187 VENKATAGIRI in 752 TIRUPATI,"One ULB carries two mandal codes in the same district, which looks like two coding schemes in one table"
C1,sasa_50_percent_green_spaces_api,"dstrt_nm, ulb_nm",VINUKONDA (Palnadu),lgd_mandal_code,1131 VINUKONDA in 751 PALNADU ; 5062 VINUKONDA in 751 PALNADU,"One ULB carries two mandal codes in the same district, which looks like two coding schemes in one table"
C1,sasa_50_percent_green_spaces_api,"dstrt_nm, ulb_nm",VUYYURU (Krishna),lgd_mandal_code,1144 VUYYURU in 510 KRISHNA ; 5027 VUYYURU in 510 KRISHNA,"One ULB carries two mandal codes in the same district, which looks like two coding schemes in one table"
C1,sasa_50_percent_green_spaces_api,"dstrt_nm, ulb_nm",YELESWARAM (Kakinada),lgd_mandal_code,1140 YELESWARAM in 746 KAKINADA ; 4893 YELESWARAM in 746 KAKINADA,"One ULB carries two mandal codes in the same district, which looks like two coding schemes in one table"
C1,sasa_50_percent_green_spaces_api,"dstrt_nm, ulb_nm",YEMMIGANUR (Kurnool),lgd_mandal_code,1018 YEMMIGANUR in 511 KURNOOL ; 5254 YEMMIGANUR in 511 KURNOOL,"One ULB carries two mandal codes in the same district, which looks like two coding schemes in one table"
C1,sasa_50_percent_green_spaces_api,"dstrt_nm, ulb_nm",YERRAGUNTLA (Kadapa),lgd_mandal_code,1165 YERRAGUNTLA in 504 YSR KADAPA ; 5223 YERRAGUNTLA in 504 YSR KADAPA,"One ULB carries two mandal codes in the same district, which looks like two coding schemes in one table"
C1,sasa_50_percent_greencover_api,"dstrt_nm, ulb_nm",ADDANKI (Prakasam),lgd_mandal_code,1147 ADDANKI in 517 PRAKASAM ; 5112 ADDANKI in 517 PRAKASAM,"One ULB carries two mandal codes in the same district, which looks like two coding schemes in one table"
C1,sasa_50_percent_greencover_api,"dstrt_nm, ulb_nm",ADONI (Kurnool),lgd_mandal_code,1015 ADONI in 511 KURNOOL ; 5271 ADONI in 511 KURNOOL,"One ULB carries two mandal codes in the same district, which looks like two coding schemes in one table"
C1,sasa_50_percent_greencover_api,"dstrt_nm, ulb_nm",ALLAGADDA (Nandyala),lgd_mandal_code,1162 ALLAGADDA in 755 NANDYAL ; 5298 ALLAGADDA in 755 NANDYAL,"One ULB carries two mandal codes in the same district, which looks like two coding schemes in one table"
C1,sasa_50_percent_greencover_api,"dstrt_nm, ulb_nm","AMALAPURAM (""Ambedkar Konaseema"")",lgd_mandal_code,1059 AMALAPURAM in 747 DR.B.R.AMBEDKAR KONASEEMA ; 4941 AMALAPURAM in 747 DR.B.R.AMBEDKAR KONASEEMA,"One ULB carries two mandal codes in the same district, which looks like two coding schemes in one table"
C1,sasa_50_percent_greencover_api,"dstrt_nm, ulb_nm",BAPATLA (Bapatla),lgd_mandal_code,1019 BAPATLA in 750 BAPATLA ; 5093 BAPATLA in 750 BAPATLA,"One ULB carries two mandal codes in the same district, which looks like two coding schemes in one table"
C1,sasa_50_percent_greencover_api,"dstrt_nm, ulb_nm",BETHAMCHARLA (Nandyala),lgd_mandal_code,1182 BETHAMCHERLA in 755 NANDYAL ; 5279 BETHAMCHERLA in 755 NANDYAL,"One ULB carries two mandal codes in the same district, which looks like two coding schemes in one table"
C1,sasa_50_percent_greencover_api,"dstrt_nm, ulb_nm","BHIMAVARAM (""West Godavari District"")",lgd_mandal_code,1074 BHIMAVARAM in 523 WEST GODAVARI ; 4984 BHIMAVARAM in 523 WEST GODAVARI,"One ULB carries two mandal codes in the same district, which looks like two coding schemes in one table"
C1,sasa_50_percent_greencover_api,"dstrt_nm, ulb_nm",BOBBILI (Vizianagaram),lgd_mandal_code,1090 BOBBILI in 521 VIZIANAGARAM ; 4816 BOBBILI in 521 VIZIANAGARAM,"One ULB carries two mandal codes in the same district, which looks like two coding schemes in one table"
C1,sasa_50_percent_greencover_api,"dstrt_nm, ulb_nm",BUCHIREDDYPALEM (Nellore),lgd_mandal_code,1185 BUCHIREDDYPALEM in 515 SRI POTTI SRIRAMULU NELLORE ; 5170 BUCHIREDDYPALEM in 515 SRI POTTI SRIRAMULU NELLORE,"One ULB carries two mandal codes in the same district, which looks like two coding schemes in one table"
C1,sasa_50_percent_greencover_api,"dstrt_nm, ulb_nm",CHINTALAPUDI (Eluru),lgd_mandal_code,1193 CHINTALAPUDI in 748 ELURU ; 4944 CHINTALAPUDI in 748 ELURU,"One ULB carries two mandal codes in the same district, which looks like two coding schemes in one table"
C1,sasa_50_percent_greencover_api,"dstrt_nm, ulb_nm",CHIRALA (Bapatla),lgd_mandal_code,1032 CHIRALA in 750 BAPATLA ; 5123 CHIRALA in 750 BAPATLA,"One ULB carries two mandal codes in the same district, which looks like two coding schemes in one table"
C1,sasa_50_percent_greencover_api,"dstrt_nm, ulb_nm",CHITTOOR (Chittoor),lgd_mandal_code,1008 CHITTOOR in 503 CHITTOOR ; 5421 CHITTOOR in 503 CHITTOOR,"One ULB carries two mandal codes in the same district, which looks like two coding schemes in one table"
C1,sasa_50_percent_greencover_api,"dstrt_nm, ulb_nm",DACHEPALLI (Palnadu),lgd_mandal_code,1183 DACHEPALLI in 751 PALNADU ; 5045 DACHEPALLI in 751 PALNADU,"One ULB carries two mandal codes in the same district, which looks like two coding schemes in one table"
C1,sasa_50_percent_greencover_api,"dstrt_nm, ulb_nm",DARSI (Prakasam),lgd_mandal_code,1186 DARSI in 517 PRAKASAM ; 5114 DARSI in 517 PRAKASAM,"One ULB carries two mandal codes in the same district, which looks like two coding schemes in one table"
C1,sasa_50_percent_greencover_api,"dstrt_nm, ulb_nm","DHARMAVARAM (""Sri Satya Sai"")",lgd_mandal_code,1002 DHARMAVARAM in 754 SRI SATHYA SAI ; 5336 DHARMAVARAM in 754 SRI SATHYA SAI,"One ULB carries two mandal codes in the same district, which looks like two coding schemes in one table"
C1,sasa_50_percent_greencover_api,"dstrt_nm, ulb_nm",DHONE (Nandyala),lgd_mandal_code,1125 DHONE in 755 NANDYAL ; 5289 DHONE in 755 NANDYAL,"One ULB carries two mandal codes in the same district, which looks like two coding schemes in one table"
C1,sasa_50_percent_greencover_api,"dstrt_nm, ulb_nm",ELURU (Eluru),lgd_mandal_code,1075 ELURU in 748 ELURU ; 4966 ELURU in 748 ELURU,"One ULB carries two mandal codes in the same district, which looks like two coding schemes in one table"
C1,sasa_50_percent_greencover_api,"dstrt_nm, ulb_nm",GIDDALUR (Markapuram),lgd_mandal_code,1148 GIDDALUR in 790 MARKAPURAM ; 5133 GIDDALUR in 790 MARKAPURAM,"One ULB carries two mandal codes in the same district, which looks like two coding schemes in one table"
C1,sasa_50_percent_greencover_api,"dstrt_nm, ulb_nm",GOOTY (Ananthapur),lgd_mandal_code,1156 GOOTY in 502 ANANTHAPURAMU ; 5310 GOOTY in 502 ANANTHAPURAMU,"One ULB carries two mandal codes in the same district, which looks like two coding schemes in one table"
C1,sasa_50_percent_greencover_api,"dstrt_nm, ulb_nm",GUDIVADA (Krishna),lgd_mandal_code,1068 GUDIVADA in 510 KRISHNA ; 5021 GUDIVADA in 510 KRISHNA,"One ULB carries two mandal codes in the same district, which looks like two coding schemes in one table"
C1,sasa_50_percent_greencover_api,"dstrt_nm, ulb_nm",GURAZALA (Palnadu),lgd_mandal_code,1184 GURAZALA in 751 PALNADU ; 5044 GURAZALA in 751 PALNADU,"One ULB carries two mandal codes in the same district, which looks like two coding schemes in one table"
C1,sasa_50_percent_greencover_api,"dstrt_nm, ulb_nm","HINDUPUR (""Sri Satya Sai"")",lgd_mandal_code,1004 HINDUPUR in 754 SRI SATHYA SAI ; 5364 HINDUPUR in 754 SRI SATHYA SAI,"One ULB carries two mandal codes in the same district, which looks like two coding schemes in one table"
C1,sasa_50_percent_greencover_api,"dstrt_nm, ulb_nm",JAGGAYYAPETA (NTR),lgd_mandal_code,1069 JAGGAYYAPETA in 749 NTR ; 4991 JAGGAYYAPETA in 749 NTR,"One ULB carries two mandal codes in the same district, which looks like two coding schemes in one table"
C1,sasa_50_percent_greencover_api,"dstrt_nm, ulb_nm",JAMMALAMADUGU (Kadapa),lgd_mandal_code,1124 JAMMALAMADUGU in 504 YSR KADAPA ; 5215 JAMMALAMADUGU in 504 YSR KADAPA,"One ULB carries two mandal codes in the same district, which looks like two coding schemes in one table"
C1,sasa_50_percent_greencover_api,"dstrt_nm, ulb_nm","KADIRI (""Sri Satya Sai"")",lgd_mandal_code,1005 KADIRI in 754 SRI SATHYA SAI ; 5343 KADIRI in 754 SRI SATHYA SAI,"One ULB carries two mandal codes in the same district, which looks like two coding schemes in one table"
C1,sasa_50_percent_greencover_api,"dstrt_nm, ulb_nm",KAMALAPURAM (Kadapa),lgd_mandal_code,1181 KAMALAPURAM in 504 YSR KADAPA ; 5224 KAMALAPURAM in 504 YSR KADAPA,"One ULB carries two mandal codes in the same district, which looks like two coding schemes in one table"
C1,sasa_50_percent_greencover_api,"dstrt_nm, ulb_nm",KANIGIRI (Markapuram),lgd_mandal_code,1150 KANIGIRI in 790 MARKAPURAM ; 5136 KANIGIRI in 790 MARKAPURAM,"One ULB carries two mandal codes in the same district, which looks like two coding schemes in one table"
C1,sasa_50_percent_greencover_api,"dstrt_nm, ulb_nm",KAVALI (Nellore),lgd_mandal_code,1030 KAVALI in 515 SRI POTTI SRIRAMULU NELLORE ; 5158 KAVALI in 515 SRI POTTI SRIRAMULU NELLORE,"One ULB carries two mandal codes in the same district, which looks like two coding schemes in one table"
C1,sasa_50_percent_greencover_api,"dstrt_nm, ulb_nm","KOVVUR (""East Godavari"")",lgd_mandal_code,1076 KOVVUR in 505 EAST GODAVARI ; 4958 KOVVUR in 505 EAST GODAVARI,"One ULB carries two mandal codes in the same district, which looks like two coding schemes in one table"
C1,sasa_50_percent_greencover_api,"dstrt_nm, ulb_nm",KUPPAM (Chittoor),lgd_mandal_code,1180 KUPPAM in 503 CHITTOOR ; 5427 KUPPAM in 503 CHITTOOR,"One ULB carries two mandal codes in the same district, which looks like two coding schemes in one table"
C1,sasa_50_percent_greencover_api,"dstrt_nm, ulb_nm",KURNOOL (Kurnool),lgd_mandal_code,1016 KURNOOL in 511 KURNOOL ; 5259 KURNOOL in 511 KURNOOL,"One ULB carries two mandal codes in the same district, which looks like two coding schemes in one table"
C1,sasa_50_percent_greencover_api,"dstrt_nm, ulb_nm",MACHERLA (Palnadu),lgd_mandal_code,1022 MACHERLA in 751 PALNADU ; 5040 MACHERLA in 751 PALNADU,"One ULB carries two mandal codes in the same district, which looks like two coding schemes in one table"
C1,sasa_50_percent_greencover_api,"dstrt_nm, ulb_nm",MACHILIPATNAM (Krishna),lgd_mandal_code,1070 MACHILIPATNAM in 510 KRISHNA ; 5034 MACHILIPATNAM in 510 KRISHNA,"One ULB carries two mandal codes in the same district, which looks like two coding schemes in one table"
C1,sasa_50_percent_greencover_api,"dstrt_nm, ulb_nm","MADAKASIRA (""Sri Satya Sai"")",lgd_mandal_code,1154 MADAKASIRA in 754 SRI SATHYA SAI ; 5350 MADAKASIRA in 754 SRI SATHYA SAI,"One ULB carries two mandal codes in the same district, which looks like two coding schemes in one table"
C1,sasa_50_percent_greencover_api,"dstrt_nm, ulb_nm",MARKAPUR (Markapuram),lgd_mandal_code,1034 MARKAPUR in 790 MARKAPURAM ; 5115 MARKAPUR in 790 MARKAPURAM,"One ULB carries two mandal codes in the same district, which looks like two coding schemes in one table"
C1,sasa_50_percent_greencover_api,"dstrt_nm, ulb_nm","MUMMIDIVARAM (""Ambedkar Konaseema"")",lgd_mandal_code,1139 MUMMIDIVARAM in 747 DR.B.R.AMBEDKAR KONASEEMA ; 4932 MUMMIDIVARAM in 747 DR.B.R.AMBEDKAR KONASEEMA,"One ULB carries two mandal codes in the same district, which looks like two coding schemes in one table"
C1,sasa_50_percent_greencover_api,"dstrt_nm, ulb_nm",MYDUKUR (Kadapa),lgd_mandal_code,1164 MYDUKUR in 504 YSR KADAPA ; 5204 MYDUKUR in 504 YSR KADAPA,"One ULB carries two mandal codes in the same district, which looks like two coding schemes in one table"
C1,sasa_50_percent_greencover_api,"dstrt_nm, ulb_nm",NAGARI (Chittoor),lgd_mandal_code,1118 NAGARI in 503 CHITTOOR ; 5406 NAGARI in 503 CHITTOOR,"One ULB carries two mandal codes in the same district, which looks like two coding schemes in one table"
C1,sasa_50_percent_greencover_api,"dstrt_nm, ulb_nm",NANDIGAMA (NTR),lgd_mandal_code,1145 NANDIGAMA in 749 NTR ; 4993 NANDIGAMA in 749 NTR,"One ULB carries two mandal codes in the same district, which looks like two coding schemes in one table"
C1,sasa_50_percent_greencover_api,"dstrt_nm, ulb_nm",NANDIKOTKUR (Nandyala),lgd_mandal_code,1161 NANDIKOTKUR in 755 NANDYAL ; 5260 NANDIKOTKUR in 755 NANDYAL,"One ULB carries two mandal codes in the same district, which looks like two coding schemes in one table"
C1,sasa_50_percent_greencover_api,"dstrt_nm, ulb_nm",NANDYAL (Nandyala),lgd_mandal_code,1017 NANDYAL in 755 NANDYAL ; 5284 NANDYAL in 755 NANDYAL,"One ULB carries two mandal codes in the same district, which looks like two coding schemes in one table"
C1,sasa_50_percent_greencover_api,"dstrt_nm, ulb_nm",NARSIPATNAM (Anakapalli),lgd_mandal_code,1136 NARSIPATNAM in 744 ANAKAPALLI ; 4854 NARSIPATNAM in 744 ANAKAPALLI,"One ULB carries two mandal codes in the same district, which looks like two coding schemes in one table"
C1,sasa_50_percent_greencover_api,"dstrt_nm, ulb_nm",NELLIMARLA (Vizianagaram),lgd_mandal_code,1135 NELLIMARLA in 521 VIZIANAGARAM ; 4837 NELLIMARLA in 521 VIZIANAGARAM,"One ULB carries two mandal codes in the same district, which looks like two coding schemes in one table"
C1,sasa_50_percent_greencover_api,"dstrt_nm, ulb_nm","NIDADAVOLE (""East Godavari"")",lgd_mandal_code,1078 NIDADAVOLE in 505 EAST GODAVARI ; 4960 NIDADAVOLE in 505 EAST GODAVARI,"One ULB carries two mandal codes in the same district, which looks like two coding schemes in one table"
C1,sasa_50_percent_greencover_api,"dstrt_nm, ulb_nm",ONGOLE (Prakasam),lgd_mandal_code,1035 ONGOLE in 517 PRAKASAM ; 5139 ONGOLE in 517 PRAKASAM,"One ULB carries two mandal codes in the same district, which looks like two coding schemes in one table"
C1,sasa_50_percent_greencover_api,"dstrt_nm, ulb_nm",PALAMANER (Chittoor),lgd_mandal_code,1117 PALAMANER in 503 CHITTOOR ; 5422 PALAMANER in 503 CHITTOOR,"One ULB carries two mandal codes in the same district, which looks like two coding schemes in one table"
C1,sasa_50_percent_greencover_api,"dstrt_nm, ulb_nm","PARVATHIPURAM (""Parvathipuram Manyam"")",lgd_mandal_code,1091 PARVATHIPURAM in 743 PARVATHIPURAM MANYAM ; 4812 PARVATHIPURAM in 743 PARVATHIPURAM MANYAM,"One ULB carries two mandal codes in the same district, which looks like two coding schemes in one table"
C1,sasa_50_percent_greencover_api,"dstrt_nm, ulb_nm",PEDANA (Krishna),lgd_mandal_code,1072 PEDANA in 510 KRISHNA ; 5030 PEDANA in 510 KRISHNA,"One ULB carries two mandal codes in the same district, which looks like two coding schemes in one table"
C1,sasa_50_percent_greencover_api,"dstrt_nm, ulb_nm",PEDDAPURAM (Kakinada),lgd_mandal_code,1062 PEDDAPURAM in 746 KAKINADA ; 4903 PEDDAPURAM in 746 KAKINADA,"One ULB carries two mandal codes in the same district, which looks like two coding schemes in one table"
C1,sasa_50_percent_greencover_api,"dstrt_nm, ulb_nm","PENUKONDA (""Sri Satya Sai"")",lgd_mandal_code,1179 PENUKONDA in 754 SRI SATHYA SAI ; 5356 PENUKONDA in 754 SRI SATHYA SAI,"One ULB carries two mandal codes in the same district, which looks like two coding schemes in one table"
C1,sasa_50_percent_greencover_api,"dstrt_nm, ulb_nm",PIDUGURALLA (Palnadu),lgd_mandal_code,1132 PIDUGURALLA in 751 PALNADU ; 5047 PIDUGURALLA in 751 PALNADU,"One ULB carries two mandal codes in the same district, which looks like two coding schemes in one table"
C1,sasa_50_percent_greencover_api,"dstrt_nm, ulb_nm",PITHAPURAM (Kakinada),lgd_mandal_code,1063 PITHAPURAM in 746 KAKINADA ; 4911 PITHAPURAM in 746 KAKINADA,"One ULB carries two mandal codes in the same district, which looks like two coding schemes in one table"
C1,sasa_50_percent_greencover_api,"dstrt_nm, ulb_nm",PODILI (Markapuram),lgd_mandal_code,1191 PODILI in 790 MARKAPURAM ; 5120 PODILI in 790 MARKAPURAM,"One ULB carries two mandal codes in the same district, which looks like two coding schemes in one table"
C1,sasa_50_percent_greencover_api,"dstrt_nm, ulb_nm",PONNUR (Guntur),lgd_mandal_code,1025 PONNUR in 506 GUNTUR ; 5084 PONNUR in 506 GUNTUR,"One ULB carries two mandal codes in the same district, which looks like two coding schemes in one table"
C1,sasa_50_percent_greencover_api,"dstrt_nm, ulb_nm",PRODDATUR (Kadapa),lgd_mandal_code,1014 PRODDATUR in 504 YSR KADAPA ; 5214 PRODDATUR in 504 YSR KADAPA,"One ULB carries two mandal codes in the same district, which looks like two coding schemes in one table"
C1,sasa_50_percent_greencover_api,"dstrt_nm, ulb_nm",PULIVENDULA (Kadapa),lgd_mandal_code,1122 PULIVENDULA in 504 YSR KADAPA ; 5219 PULIVENDULA in 504 YSR KADAPA,"One ULB carries two mandal codes in the same district, which looks like two coding schemes in one table"
C1,sasa_50_percent_greencover_api,"dstrt_nm, ulb_nm",PUNGUNUR (Annamayya),lgd_mandal_code,1010 PUNGANUR in 753 ANNAMAYYA ; 5415 PUNGANUR in 753 ANNAMAYYA,"One ULB carries two mandal codes in the same district, which looks like two coding schemes in one table"
C1,sasa_50_percent_greencover_api,"dstrt_nm, ulb_nm","PUTTAPARTHY (""Sri Satya Sai"")",lgd_mandal_code,1155 PUTTAPARTHY in 754 SRI SATHYA SAI ; 5357 PUTTAPARTHY in 754 SRI SATHYA SAI,"One ULB carries two mandal codes in the same district, which looks like two coding schemes in one table"
C1,sasa_50_percent_greencover_api,"dstrt_nm, ulb_nm",PUTTUR (Tirupati),lgd_mandal_code,1119 PUTTUR in 752 TIRUPATI ; 5407 PUTTUR in 752 TIRUPATI,"One ULB carries two mandal codes in the same district, which looks like two coding schemes in one table"
C1,sasa_50_percent_greencover_api,"dstrt_nm, ulb_nm",RAJAM (Vizianagaram),lgd_mandal_code,1133 RAJAM in 521 VIZIANAGARAM ; 4796 RAJAM in 521 VIZIANAGARAM,"One ULB carries two mandal codes in the same district, which looks like two coding schemes in one table"
C1,sasa_50_percent_greencover_api,"dstrt_nm, ulb_nm",RAJAMPET (Annamayya),lgd_mandal_code,1120 RAJAMPET in 504 YSR KADAPA ; 5246 RAJAMPET in 504 YSR KADAPA,"One ULB carries two mandal codes in the same district, which looks like two coding schemes in one table"
C1,sasa_50_percent_greencover_api,"dstrt_nm, ulb_nm",RAYACHOTI (Annamayya),lgd_mandal_code,1121 RAYACHOTY in 753 ANNAMAYYA ; 5239 RAYACHOTY in 753 ANNAMAYYA,"One ULB carries two mandal codes in the same district, which looks like two coding schemes in one table"
C1,sasa_50_percent_greencover_api,"dstrt_nm, ulb_nm",RAYADURG (Ananthapur),lgd_mandal_code,1006 RAYADURG in 502 ANANTHAPURAMU ; 5305 RAYADURG in 502 ANANTHAPURAMU,"One ULB carries two mandal codes in the same district, which looks like two coding schemes in one table"
C1,sasa_50_percent_greencover_api,"dstrt_nm, ulb_nm",REPALLE (Bapatla),lgd_mandal_code,1026 REPALLE in 750 BAPATLA ; 5096 REPALLE in 750 BAPATLA,"One ULB carries two mandal codes in the same district, which looks like two coding schemes in one table"
C1,sasa_50_percent_greencover_api,"dstrt_nm, ulb_nm",SAMALKOTA (Kakinada),lgd_mandal_code,1066 SAMALKOT in 746 KAKINADA ; 4910 SAMALKOT in 746 KAKINADA,"One ULB carries two mandal codes in the same district, which looks like two coding schemes in one table"
C1,sasa_50_percent_greencover_api,"dstrt_nm, ulb_nm",SRIKAKULAM (Srikakulam),lgd_mandal_code,1085 SRIKAKULAM in 519 SRIKAKULAM ; 4802 SRIKAKULAM in 519 SRIKAKULAM,"One ULB carries two mandal codes in the same district, which looks like two coding schemes in one table"
C1,sasa_50_percent_greencover_api,"dstrt_nm, ulb_nm","TADEPALLIGUDEM (""West Godavari District"")",lgd_mandal_code,1080 TADEPALLIGUDEM in 523 WEST GODAVARI ; 4961 TADEPALLIGUDEM in 523 WEST GODAVARI,"One ULB carries two mandal codes in the same district, which looks like two coding schemes in one table"
C1,sasa_50_percent_greencover_api,"dstrt_nm, ulb_nm","TANUKU (""West Godavari District"")",lgd_mandal_code,1081 TANUKU in 523 WEST GODAVARI ; 4972 TANUKU in 523 WEST GODAVARI,"One ULB carries two mandal codes in the same district, which looks like two coding schemes in one table"
C1,sasa_50_percent_greencover_api,"dstrt_nm, ulb_nm",TENALI (Guntur),lgd_mandal_code,1028 TENALI in 506 GUNTUR ; 5078 TENALI in 506 GUNTUR,"One ULB carries two mandal codes in the same district, which looks like two coding schemes in one table"
C1,sasa_50_percent_greencover_api,"dstrt_nm, ulb_nm",TIRUVURU (NTR),lgd_mandal_code,1146 TIRUVURU in 749 NTR ; 4997 TIRUVURU in 749 NTR,"One ULB carries two mandal codes in the same district, which looks like two coding schemes in one table"
C1,sasa_50_percent_greencover_api,"dstrt_nm, ulb_nm",TUNI (Kakinada),lgd_mandal_code,1067 TUNI in 746 KAKINADA ; 4890 TUNI in 746 KAKINADA,"One ULB carries two mandal codes in the same district, which looks like two coding schemes in one table"
C1,sasa_50_percent_greencover_api,"dstrt_nm, ulb_nm",VENKATAGIRI (Tirupati),lgd_mandal_code,1127 VENKATAGIRI in 752 TIRUPATI ; 5187 VENKATAGIRI in 752 TIRUPATI,"One ULB carries two mandal codes in the same district, which looks like two coding schemes in one table"
C1,sasa_50_percent_greencover_api,"dstrt_nm, ulb_nm",VINUKONDA (Palnadu),lgd_mandal_code,1131 VINUKONDA in 751 PALNADU ; 5062 VINUKONDA in 751 PALNADU,"One ULB carries two mandal codes in the same district, which looks like two coding schemes in one table"
C1,sasa_50_percent_greencover_api,"dstrt_nm, ulb_nm",VUYYURU (Krishna),lgd_mandal_code,1144 VUYYURU in 510 KRISHNA ; 5027 VUYYURU in 510 KRISHNA,"One ULB carries two mandal codes in the same district, which looks like two coding schemes in one table"
C1,sasa_50_percent_greencover_api,"dstrt_nm, ulb_nm",YELESWARAM (Kakinada),lgd_mandal_code,1140 YELESWARAM in 746 KAKINADA ; 4893 YELESWARAM in 746 KAKINADA,"One ULB carries two mandal codes in the same district, which looks like two coding schemes in one table"
C1,sasa_50_percent_greencover_api,"dstrt_nm, ulb_nm",YEMMIGANUR (Kurnool),lgd_mandal_code,1018 YEMMIGANUR in 511 KURNOOL ; 5254 YEMMIGANUR in 511 KURNOOL,"One ULB carries two mandal codes in the same district, which looks like two coding schemes in one table"
C1,sasa_50_percent_greencover_api,"dstrt_nm, ulb_nm",YERRAGUNTLA (Kadapa),lgd_mandal_code,1165 YERRAGUNTLA in 504 YSR KADAPA ; 5223 YERRAGUNTLA in 504 YSR KADAPA,"One ULB carries two mandal codes in the same district, which looks like two coding schemes in one table"
C1,sasa_50_percent_rejuvenation_api,"dstrt_nm, ulb_nm",ADDANKI (Prakasam),lgd_mandal_code,1147 ADDANKI in 517 PRAKASAM ; 5112 ADDANKI in 517 PRAKASAM,"One ULB carries two mandal codes in the same district, which looks like two coding schemes in one table"
C1,sasa_50_percent_rejuvenation_api,"dstrt_nm, ulb_nm",ADONI (Kurnool),lgd_mandal_code,1015 ADONI in 511 KURNOOL ; 5271 ADONI in 511 KURNOOL,"One ULB carries two mandal codes in the same district, which looks like two coding schemes in one table"
C1,sasa_50_percent_rejuvenation_api,"dstrt_nm, ulb_nm",ALLAGADDA (Nandyala),lgd_mandal_code,1162 ALLAGADDA in 755 NANDYAL ; 5298 ALLAGADDA in 755 NANDYAL,"One ULB carries two mandal codes in the same district, which looks like two coding schemes in one table"
C1,sasa_50_percent_rejuvenation_api,"dstrt_nm, ulb_nm","AMALAPURAM (""Ambedkar Konaseema"")",lgd_mandal_code,1059 AMALAPURAM in 747 DR.B.R.AMBEDKAR KONASEEMA ; 4941 AMALAPURAM in 747 DR.B.R.AMBEDKAR KONASEEMA,"One ULB carries two mandal codes in the same district, which looks like two coding schemes in one table"
C1,sasa_50_percent_rejuvenation_api,"dstrt_nm, ulb_nm",BAPATLA (Bapatla),lgd_mandal_code,1019 BAPATLA in 750 BAPATLA ; 5093 BAPATLA in 750 BAPATLA,"One ULB carries two mandal codes in the same district, which looks like two coding schemes in one table"
C1,sasa_50_percent_rejuvenation_api,"dstrt_nm, ulb_nm",BETHAMCHARLA (Nandyala),lgd_mandal_code,1182 BETHAMCHERLA in 755 NANDYAL ; 5279 BETHAMCHERLA in 755 NANDYAL,"One ULB carries two mandal codes in the same district, which looks like two coding schemes in one table"
C1,sasa_50_percent_rejuvenation_api,"dstrt_nm, ulb_nm","BHIMAVARAM (""West Godavari District"")",lgd_mandal_code,1074 BHIMAVARAM in 523 WEST GODAVARI ; 4984 BHIMAVARAM in 523 WEST GODAVARI,"One ULB carries two mandal codes in the same district, which looks like two coding schemes in one table"
C1,sasa_50_percent_rejuvenation_api,"dstrt_nm, ulb_nm",BOBBILI (Vizianagaram),lgd_mandal_code,1090 BOBBILI in 521 VIZIANAGARAM ; 4816 BOBBILI in 521 VIZIANAGARAM,"One ULB carries two mandal codes in the same district, which looks like two coding schemes in one table"
C1,sasa_50_percent_rejuvenation_api,"dstrt_nm, ulb_nm",BUCHIREDDYPALEM (Nellore),lgd_mandal_code,1185 BUCHIREDDYPALEM in 515 SRI POTTI SRIRAMULU NELLORE ; 5170 BUCHIREDDYPALEM in 515 SRI POTTI SRIRAMULU NELLORE,"One ULB carries two mandal codes in the same district, which looks like two coding schemes in one table"
C1,sasa_50_percent_rejuvenation_api,"dstrt_nm, ulb_nm",CHINTALAPUDI (Eluru),lgd_mandal_code,1193 CHINTALAPUDI in 748 ELURU ; 4944 CHINTALAPUDI in 748 ELURU,"One ULB carries two mandal codes in the same district, which looks like two coding schemes in one table"
C1,sasa_50_percent_rejuvenation_api,"dstrt_nm, ulb_nm",CHIRALA (Bapatla),lgd_mandal_code,1032 CHIRALA in 750 BAPATLA ; 5123 CHIRALA in 750 BAPATLA,"One ULB carries two mandal codes in the same district, which looks like two coding schemes in one table"
C1,sasa_50_percent_rejuvenation_api,"dstrt_nm, ulb_nm",CHITTOOR (Chittoor),lgd_mandal_code,1008 CHITTOOR in 503 CHITTOOR ; 5421 CHITTOOR in 503 CHITTOOR,"One ULB carries two mandal codes in the same district, which looks like two coding schemes in one table"
C1,sasa_50_percent_rejuvenation_api,"dstrt_nm, ulb_nm",DACHEPALLI (Palnadu),lgd_mandal_code,1183 DACHEPALLI in 751 PALNADU ; 5045 DACHEPALLI in 751 PALNADU,"One ULB carries two mandal codes in the same district, which looks like two coding schemes in one table"
C1,sasa_50_percent_rejuvenation_api,"dstrt_nm, ulb_nm",DARSI (Prakasam),lgd_mandal_code,1186 DARSI in 517 PRAKASAM ; 5114 DARSI in 517 PRAKASAM,"One ULB carries two mandal codes in the same district, which looks like two coding schemes in one table"
C1,sasa_50_percent_rejuvenation_api,"dstrt_nm, ulb_nm","DHARMAVARAM (""Sri Satya Sai"")",lgd_mandal_code,1002 DHARMAVARAM in 754 SRI SATHYA SAI ; 5336 DHARMAVARAM in 754 SRI SATHYA SAI,"One ULB carries two mandal codes in the same district, which looks like two coding schemes in one table"
C1,sasa_50_percent_rejuvenation_api,"dstrt_nm, ulb_nm",DHONE (Nandyala),lgd_mandal_code,1125 DHONE in 755 NANDYAL ; 5289 DHONE in 755 NANDYAL,"One ULB carries two mandal codes in the same district, which looks like two coding schemes in one table"
C1,sasa_50_percent_rejuvenation_api,"dstrt_nm, ulb_nm",ELURU (Eluru),lgd_mandal_code,1075 ELURU in 748 ELURU ; 4966 ELURU in 748 ELURU,"One ULB carries two mandal codes in the same district, which looks like two coding schemes in one table"
C1,sasa_50_percent_rejuvenation_api,"dstrt_nm, ulb_nm",GIDDALUR (Markapuram),lgd_mandal_code,1148 GIDDALUR in 790 MARKAPURAM ; 5133 GIDDALUR in 790 MARKAPURAM,"One ULB carries two mandal codes in the same district, which looks like two coding schemes in one table"
C1,sasa_50_percent_rejuvenation_api,"dstrt_nm, ulb_nm",GOOTY (Ananthapur),lgd_mandal_code,1156 GOOTY in 502 ANANTHAPURAMU ; 5310 GOOTY in 502 ANANTHAPURAMU,"One ULB carries two mandal codes in the same district, which looks like two coding schemes in one table"
C1,sasa_50_percent_rejuvenation_api,"dstrt_nm, ulb_nm",GUDIVADA (Krishna),lgd_mandal_code,1068 GUDIVADA in 510 KRISHNA ; 5021 GUDIVADA in 510 KRISHNA,"One ULB carries two mandal codes in the same district, which looks like two coding schemes in one table"
C1,sasa_50_percent_rejuvenation_api,"dstrt_nm, ulb_nm",GURAZALA (Palnadu),lgd_mandal_code,1184 GURAZALA in 751 PALNADU ; 5044 GURAZALA in 751 PALNADU,"One ULB carries two mandal codes in the same district, which looks like two coding schemes in one table"
C1,sasa_50_percent_rejuvenation_api,"dstrt_nm, ulb_nm","HINDUPUR (""Sri Satya Sai"")",lgd_mandal_code,1004 HINDUPUR in 754 SRI SATHYA SAI ; 5364 HINDUPUR in 754 SRI SATHYA SAI,"One ULB carries two mandal codes in the same district, which looks like two coding schemes in one table"
C1,sasa_50_percent_rejuvenation_api,"dstrt_nm, ulb_nm",JAGGAYYAPETA (NTR),lgd_mandal_code,1069 JAGGAYYAPETA in 749 NTR ; 4991 JAGGAYYAPETA in 749 NTR,"One ULB carries two mandal codes in the same district, which looks like two coding schemes in one table"
C1,sasa_50_percent_rejuvenation_api,"dstrt_nm, ulb_nm",JAMMALAMADUGU (Kadapa),lgd_mandal_code,1124 JAMMALAMADUGU in 504 YSR KADAPA ; 5215 JAMMALAMADUGU in 504 YSR KADAPA,"One ULB carries two mandal codes in the same district, which looks like two coding schemes in one table"
C1,sasa_50_percent_rejuvenation_api,"dstrt_nm, ulb_nm","KADIRI (""Sri Satya Sai"")",lgd_mandal_code,1005 KADIRI in 754 SRI SATHYA SAI ; 5343 KADIRI in 754 SRI SATHYA SAI,"One ULB carries two mandal codes in the same district, which looks like two coding schemes in one table"
C1,sasa_50_percent_rejuvenation_api,"dstrt_nm, ulb_nm",KAMALAPURAM (Kadapa),lgd_mandal_code,1181 KAMALAPURAM in 504 YSR KADAPA ; 5224 KAMALAPURAM in 504 YSR KADAPA,"One ULB carries two mandal codes in the same district, which looks like two coding schemes in one table"
C1,sasa_50_percent_rejuvenation_api,"dstrt_nm, ulb_nm",KANIGIRI (Markapuram),lgd_mandal_code,1150 KANIGIRI in 790 MARKAPURAM ; 5136 KANIGIRI in 790 MARKAPURAM,"One ULB carries two mandal codes in the same district, which looks like two coding schemes in one table"
C1,sasa_50_percent_rejuvenation_api,"dstrt_nm, ulb_nm",KAVALI (Nellore),lgd_mandal_code,1030 KAVALI in 515 SRI POTTI SRIRAMULU NELLORE ; 5158 KAVALI in 515 SRI POTTI SRIRAMULU NELLORE,"One ULB carries two mandal codes in the same district, which looks like two coding schemes in one table"
C1,sasa_50_percent_rejuvenation_api,"dstrt_nm, ulb_nm","KOVVUR (""East Godavari"")",lgd_mandal_code,1076 KOVVUR in 505 EAST GODAVARI ; 4958 KOVVUR in 505 EAST GODAVARI,"One ULB carries two mandal codes in the same district, which looks like two coding schemes in one table"
C1,sasa_50_percent_rejuvenation_api,"dstrt_nm, ulb_nm",KUPPAM (Chittoor),lgd_mandal_code,1180 KUPPAM in 503 CHITTOOR ; 5427 KUPPAM in 503 CHITTOOR,"One ULB carries two mandal codes in the same district, which looks like two coding schemes in one table"
C1,sasa_50_percent_rejuvenation_api,"dstrt_nm, ulb_nm",KURNOOL (Kurnool),lgd_mandal_code,1016 KURNOOL in 511 KURNOOL ; 5259 KURNOOL in 511 KURNOOL,"One ULB carries two mandal codes in the same district, which looks like two coding schemes in one table"
C1,sasa_50_percent_rejuvenation_api,"dstrt_nm, ulb_nm",MACHERLA (Palnadu),lgd_mandal_code,1022 MACHERLA in 751 PALNADU ; 5040 MACHERLA in 751 PALNADU,"One ULB carries two mandal codes in the same district, which looks like two coding schemes in one table"
C1,sasa_50_percent_rejuvenation_api,"dstrt_nm, ulb_nm",MACHILIPATNAM (Krishna),lgd_mandal_code,1070 MACHILIPATNAM in 510 KRISHNA ; 5034 MACHILIPATNAM in 510 KRISHNA,"One ULB carries two mandal codes in the same district, which looks like two coding schemes in one table"
C1,sasa_50_percent_rejuvenation_api,"dstrt_nm, ulb_nm","MADAKASIRA (""Sri Satya Sai"")",lgd_mandal_code,1154 MADAKASIRA in 754 SRI SATHYA SAI ; 5350 MADAKASIRA in 754 SRI SATHYA SAI,"One ULB carries two mandal codes in the same district, which looks like two coding schemes in one table"
C1,sasa_50_percent_rejuvenation_api,"dstrt_nm, ulb_nm",MARKAPUR (Markapuram),lgd_mandal_code,1034 MARKAPUR in 790 MARKAPURAM ; 5115 MARKAPUR in 790 MARKAPURAM,"One ULB carries two mandal codes in the same district, which looks like two coding schemes in one table"
C1,sasa_50_percent_rejuvenation_api,"dstrt_nm, ulb_nm","MUMMIDIVARAM (""Ambedkar Konaseema"")",lgd_mandal_code,1139 MUMMIDIVARAM in 747 DR.B.R.AMBEDKAR KONASEEMA ; 4932 MUMMIDIVARAM in 747 DR.B.R.AMBEDKAR KONASEEMA,"One ULB carries two mandal codes in the same district, which looks like two coding schemes in one table"
C1,sasa_50_percent_rejuvenation_api,"dstrt_nm, ulb_nm",MYDUKUR (Kadapa),lgd_mandal_code,1164 MYDUKUR in 504 YSR KADAPA ; 5204 MYDUKUR in 504 YSR KADAPA,"One ULB carries two mandal codes in the same district, which looks like two coding schemes in one table"
C1,sasa_50_percent_rejuvenation_api,"dstrt_nm, ulb_nm",NAGARI (Chittoor),lgd_mandal_code,1118 NAGARI in 503 CHITTOOR ; 5406 NAGARI in 503 CHITTOOR,"One ULB carries two mandal codes in the same district, which looks like two coding schemes in one table"
C1,sasa_50_percent_rejuvenation_api,"dstrt_nm, ulb_nm",NANDIGAMA (NTR),lgd_mandal_code,1145 NANDIGAMA in 749 NTR ; 4993 NANDIGAMA in 749 NTR,"One ULB carries two mandal codes in the same district, which looks like two coding schemes in one table"
C1,sasa_50_percent_rejuvenation_api,"dstrt_nm, ulb_nm",NANDIKOTKUR (Nandyala),lgd_mandal_code,1161 NANDIKOTKUR in 755 NANDYAL ; 5260 NANDIKOTKUR in 755 NANDYAL,"One ULB carries two mandal codes in the same district, which looks like two coding schemes in one table"
C1,sasa_50_percent_rejuvenation_api,"dstrt_nm, ulb_nm",NANDYAL (Nandyala),lgd_mandal_code,1017 NANDYAL in 755 NANDYAL ; 5284 NANDYAL in 755 NANDYAL,"One ULB carries two mandal codes in the same district, which looks like two coding schemes in one table"
C1,sasa_50_percent_rejuvenation_api,"dstrt_nm, ulb_nm",NARSIPATNAM (Anakapalli),lgd_mandal_code,1136 NARSIPATNAM in 744 ANAKAPALLI ; 4854 NARSIPATNAM in 744 ANAKAPALLI,"One ULB carries two mandal codes in the same district, which looks like two coding schemes in one table"
C1,sasa_50_percent_rejuvenation_api,"dstrt_nm, ulb_nm",NELLIMARLA (Vizianagaram),lgd_mandal_code,1135 NELLIMARLA in 521 VIZIANAGARAM ; 4837 NELLIMARLA in 521 VIZIANAGARAM,"One ULB carries two mandal codes in the same district, which looks like two coding schemes in one table"
C1,sasa_50_percent_rejuvenation_api,"dstrt_nm, ulb_nm","NIDADAVOLE (""East Godavari"")",lgd_mandal_code,1078 NIDADAVOLE in 505 EAST GODAVARI ; 4960 NIDADAVOLE in 505 EAST GODAVARI,"One ULB carries two mandal codes in the same district, which looks like two coding schemes in one table"
C1,sasa_50_percent_rejuvenation_api,"dstrt_nm, ulb_nm",ONGOLE (Prakasam),lgd_mandal_code,1035 ONGOLE in 517 PRAKASAM ; 5139 ONGOLE in 517 PRAKASAM,"One ULB carries two mandal codes in the same district, which looks like two coding schemes in one table"
C1,sasa_50_percent_rejuvenation_api,"dstrt_nm, ulb_nm",PALAMANER (Chittoor),lgd_mandal_code,1117 PALAMANER in 503 CHITTOOR ; 5422 PALAMANER in 503 CHITTOOR,"One ULB carries two mandal codes in the same district, which looks like two coding schemes in one table"
C1,sasa_50_percent_rejuvenation_api,"dstrt_nm, ulb_nm","PARVATHIPURAM (""Parvathipuram Manyam"")",lgd_mandal_code,1091 PARVATHIPURAM in 743 PARVATHIPURAM MANYAM ; 4812 PARVATHIPURAM in 743 PARVATHIPURAM MANYAM,"One ULB carries two mandal codes in the same district, which looks like two coding schemes in one table"
C1,sasa_50_percent_rejuvenation_api,"dstrt_nm, ulb_nm",PEDANA (Krishna),lgd_mandal_code,1072 PEDANA in 510 KRISHNA ; 5030 PEDANA in 510 KRISHNA,"One ULB carries two mandal codes in the same district, which looks like two coding schemes in one table"
C1,sasa_50_percent_rejuvenation_api,"dstrt_nm, ulb_nm",PEDDAPURAM (Kakinada),lgd_mandal_code,1062 PEDDAPURAM in 746 KAKINADA ; 4903 PEDDAPURAM in 746 KAKINADA,"One ULB carries two mandal codes in the same district, which looks like two coding schemes in one table"
C1,sasa_50_percent_rejuvenation_api,"dstrt_nm, ulb_nm","PENUKONDA (""Sri Satya Sai"")",lgd_mandal_code,1179 PENUKONDA in 754 SRI SATHYA SAI ; 5356 PENUKONDA in 754 SRI SATHYA SAI,"One ULB carries two mandal codes in the same district, which looks like two coding schemes in one table"
C1,sasa_50_percent_rejuvenation_api,"dstrt_nm, ulb_nm",PIDUGURALLA (Palnadu),lgd_mandal_code,1132 PIDUGURALLA in 751 PALNADU ; 5047 PIDUGURALLA in 751 PALNADU,"One ULB carries two mandal codes in the same district, which looks like two coding schemes in one table"
C1,sasa_50_percent_rejuvenation_api,"dstrt_nm, ulb_nm",PITHAPURAM (Kakinada),lgd_mandal_code,1063 PITHAPURAM in 746 KAKINADA ; 4911 PITHAPURAM in 746 KAKINADA,"One ULB carries two mandal codes in the same district, which looks like two coding schemes in one table"
C1,sasa_50_percent_rejuvenation_api,"dstrt_nm, ulb_nm",PODILI (Markapuram),lgd_mandal_code,1191 PODILI in 790 MARKAPURAM ; 5120 PODILI in 790 MARKAPURAM,"One ULB carries two mandal codes in the same district, which looks like two coding schemes in one table"
C1,sasa_50_percent_rejuvenation_api,"dstrt_nm, ulb_nm",PONNUR (Guntur),lgd_mandal_code,1025 PONNUR in 506 GUNTUR ; 5084 PONNUR in 506 GUNTUR,"One ULB carries two mandal codes in the same district, which looks like two coding schemes in one table"
C1,sasa_50_percent_rejuvenation_api,"dstrt_nm, ulb_nm",PRODDATUR (Kadapa),lgd_mandal_code,1014 PRODDATUR in 504 YSR KADAPA ; 5214 PRODDATUR in 504 YSR KADAPA,"One ULB carries two mandal codes in the same district, which looks like two coding schemes in one table"
C1,sasa_50_percent_rejuvenation_api,"dstrt_nm, ulb_nm",PULIVENDULA (Kadapa),lgd_mandal_code,1122 PULIVENDULA in 504 YSR KADAPA ; 5219 PULIVENDULA in 504 YSR KADAPA,"One ULB carries two mandal codes in the same district, which looks like two coding schemes in one table"
C1,sasa_50_percent_rejuvenation_api,"dstrt_nm, ulb_nm",PUNGUNUR (Annamayya),lgd_mandal_code,1010 PUNGANUR in 753 ANNAMAYYA ; 5415 PUNGANUR in 753 ANNAMAYYA,"One ULB carries two mandal codes in the same district, which looks like two coding schemes in one table"
C1,sasa_50_percent_rejuvenation_api,"dstrt_nm, ulb_nm","PUTTAPARTHY (""Sri Satya Sai"")",lgd_mandal_code,1155 PUTTAPARTHY in 754 SRI SATHYA SAI ; 5357 PUTTAPARTHY in 754 SRI SATHYA SAI,"One ULB carries two mandal codes in the same district, which looks like two coding schemes in one table"
C1,sasa_50_percent_rejuvenation_api,"dstrt_nm, ulb_nm",PUTTUR (Tirupati),lgd_mandal_code,1119 PUTTUR in 752 TIRUPATI ; 5407 PUTTUR in 752 TIRUPATI,"One ULB carries two mandal codes in the same district, which looks like two coding schemes in one table"
C1,sasa_50_percent_rejuvenation_api,"dstrt_nm, ulb_nm",RAJAM (Vizianagaram),lgd_mandal_code,1133 RAJAM in 521 VIZIANAGARAM ; 4796 RAJAM in 521 VIZIANAGARAM,"One ULB carries two mandal codes in the same district, which looks like two coding schemes in one table"
C1,sasa_50_percent_rejuvenation_api,"dstrt_nm, ulb_nm",RAJAMPET (Annamayya),lgd_mandal_code,1120 RAJAMPET in 504 YSR KADAPA ; 5246 RAJAMPET in 504 YSR KADAPA,"One ULB carries two mandal codes in the same district, which looks like two coding schemes in one table"
C1,sasa_50_percent_rejuvenation_api,"dstrt_nm, ulb_nm",RAYACHOTI (Annamayya),lgd_mandal_code,1121 RAYACHOTY in 753 ANNAMAYYA ; 5239 RAYACHOTY in 753 ANNAMAYYA,"One ULB carries two mandal codes in the same district, which looks like two coding schemes in one table"
C1,sasa_50_percent_rejuvenation_api,"dstrt_nm, ulb_nm",RAYADURG (Ananthapur),lgd_mandal_code,1006 RAYADURG in 502 ANANTHAPURAMU ; 5305 RAYADURG in 502 ANANTHAPURAMU,"One ULB carries two mandal codes in the same district, which looks like two coding schemes in one table"
C1,sasa_50_percent_rejuvenation_api,"dstrt_nm, ulb_nm",REPALLE (Bapatla),lgd_mandal_code,1026 REPALLE in 750 BAPATLA ; 5096 REPALLE in 750 BAPATLA,"One ULB carries two mandal codes in the same district, which looks like two coding schemes in one table"
C1,sasa_50_percent_rejuvenation_api,"dstrt_nm, ulb_nm",SAMALKOTA (Kakinada),lgd_mandal_code,1066 SAMALKOT in 746 KAKINADA ; 4910 SAMALKOT in 746 KAKINADA,"One ULB carries two mandal codes in the same district, which looks like two coding schemes in one table"
C1,sasa_50_percent_rejuvenation_api,"dstrt_nm, ulb_nm",SRIKAKULAM (Srikakulam),lgd_mandal_code,1085 SRIKAKULAM in 519 SRIKAKULAM ; 4802 SRIKAKULAM in 519 SRIKAKULAM,"One ULB carries two mandal codes in the same district, which looks like two coding schemes in one table"
C1,sasa_50_percent_rejuvenation_api,"dstrt_nm, ulb_nm","TADEPALLIGUDEM (""West Godavari District"")",lgd_mandal_code,1080 TADEPALLIGUDEM in 523 WEST GODAVARI ; 4961 TADEPALLIGUDEM in 523 WEST GODAVARI,"One ULB carries two mandal codes in the same district, which looks like two coding schemes in one table"
C1,sasa_50_percent_rejuvenation_api,"dstrt_nm, ulb_nm","TANUKU (""West Godavari District"")",lgd_mandal_code,1081 TANUKU in 523 WEST GODAVARI ; 4972 TANUKU in 523 WEST GODAVARI,"One ULB carries two mandal codes in the same district, which looks like two coding schemes in one table"
C1,sasa_50_percent_rejuvenation_api,"dstrt_nm, ulb_nm",TENALI (Guntur),lgd_mandal_code,1028 TENALI in 506 GUNTUR ; 5078 TENALI in 506 GUNTUR,"One ULB carries two mandal codes in the same district, which looks like two coding schemes in one table"
C1,sasa_50_percent_rejuvenation_api,"dstrt_nm, ulb_nm",TIRUVURU (NTR),lgd_mandal_code,1146 TIRUVURU in 749 NTR ; 4997 TIRUVURU in 749 NTR,"One ULB carries two mandal codes in the same district, which looks like two coding schemes in one table"
C1,sasa_50_percent_rejuvenation_api,"dstrt_nm, ulb_nm",TUNI (Kakinada),lgd_mandal_code,1067 TUNI in 746 KAKINADA ; 4890 TUNI in 746 KAKINADA,"One ULB carries two mandal codes in the same district, which looks like two coding schemes in one table"
C1,sasa_50_percent_rejuvenation_api,"dstrt_nm, ulb_nm",VENKATAGIRI (Tirupati),lgd_mandal_code,1127 VENKATAGIRI in 752 TIRUPATI ; 5187 VENKATAGIRI in 752 TIRUPATI,"One ULB carries two mandal codes in the same district, which looks like two coding schemes in one table"
C1,sasa_50_percent_rejuvenation_api,"dstrt_nm, ulb_nm",VINUKONDA (Palnadu),lgd_mandal_code,1131 VINUKONDA in 751 PALNADU ; 5062 VINUKONDA in 751 PALNADU,"One ULB carries two mandal codes in the same district, which looks like two coding schemes in one table"
C1,sasa_50_percent_rejuvenation_api,"dstrt_nm, ulb_nm",VUYYURU (Krishna),lgd_mandal_code,1144 VUYYURU in 510 KRISHNA ; 5027 VUYYURU in 510 KRISHNA,"One ULB carries two mandal codes in the same district, which looks like two coding schemes in one table"
C1,sasa_50_percent_rejuvenation_api,"dstrt_nm, ulb_nm",YELESWARAM (Kakinada),lgd_mandal_code,1140 YELESWARAM in 746 KAKINADA ; 4893 YELESWARAM in 746 KAKINADA,"One ULB carries two mandal codes in the same district, which looks like two coding schemes in one table"
C1,sasa_50_percent_rejuvenation_api,"dstrt_nm, ulb_nm",YEMMIGANUR (Kurnool),lgd_mandal_code,1018 YEMMIGANUR in 511 KURNOOL ; 5254 YEMMIGANUR in 511 KURNOOL,"One ULB carries two mandal codes in the same district, which looks like two coding schemes in one table"
C1,sasa_50_percent_rejuvenation_api,"dstrt_nm, ulb_nm",YERRAGUNTLA (Kadapa),lgd_mandal_code,1165 YERRAGUNTLA in 504 YSR KADAPA ; 5223 YERRAGUNTLA in 504 YSR KADAPA,"One ULB carries two mandal codes in the same district, which looks like two coding schemes in one table"
C1,swacch_survekshan_info_new1_api,"dstrt_nm, ulb_nm","""B KOTHAKOTA"" (Annamayya)",lgd_mandal_code,1189 B KOTHAKOTA in 753 ANNAMAYYA ; 5391 B KOTHAKOTA in 753 ANNAMAYYA,"One ULB carries two mandal codes in the same district, which looks like two coding schemes in one table"
C1,swacch_survekshan_info_new1_api,"dstrt_nm, ulb_nm",ADDANKI (Prakasam),lgd_mandal_code,1147 ADDANKI in 517 PRAKASAM ; 5112 ADDANKI in 517 PRAKASAM,"One ULB carries two mandal codes in the same district, which looks like two coding schemes in one table"
C1,swacch_survekshan_info_new1_api,"dstrt_nm, ulb_nm",ADONI (Kurnool),lgd_mandal_code,1015 ADONI in 511 KURNOOL ; 5271 ADONI in 511 KURNOOL,"One ULB carries two mandal codes in the same district, which looks like two coding schemes in one table"
C1,swacch_survekshan_info_new1_api,"dstrt_nm, ulb_nm","AKIVEEDU (""West Godavari"")",lgd_mandal_code,1188 AKIVEEDU in 523 WEST GODAVARI ; 4975 AKIVEEDU in 523 WEST GODAVARI,"One ULB carries two mandal codes in the same district, which looks like two coding schemes in one table"
C1,swacch_survekshan_info_new1_api,"dstrt_nm, ulb_nm",ALLAGADDA (Nandyal),lgd_mandal_code,1162 ALLAGADDA in 755 NANDYAL ; 5298 ALLAGADDA in 755 NANDYAL,"One ULB carries two mandal codes in the same district, which looks like two coding schemes in one table"
C1,swacch_survekshan_info_new1_api,"dstrt_nm, ulb_nm","AMALAPURAM (""Dr. B.R. Ambedkar Konaseema"")",lgd_mandal_code,1059 AMALAPURAM in 747 DR.B.R.AMBEDKAR KONASEEMA ; 4941 AMALAPURAM in 747 DR.B.R.AMBEDKAR KONASEEMA,"One ULB carries two mandal codes in the same district, which looks like two coding schemes in one table"
C1,swacch_survekshan_info_new1_api,"dstrt_nm, ulb_nm",BAPATLA (Bapatla),lgd_mandal_code,1019 BAPATLA in 750 BAPATLA ; 5093 BAPATLA in 750 BAPATLA,"One ULB carries two mandal codes in the same district, which looks like two coding schemes in one table"
C1,swacch_survekshan_info_new1_api,"dstrt_nm, ulb_nm",BETHAMCHERLA (Nandyal),lgd_mandal_code,1182 BETHAMCHERLA in 755 NANDYAL ; 5279 BETHAMCHERLA in 755 NANDYAL,"One ULB carries two mandal codes in the same district, which looks like two coding schemes in one table"
C1,swacch_survekshan_info_new1_api,"dstrt_nm, ulb_nm","BHIMAVARAM (""West Godavari"")",lgd_mandal_code,1074 BHIMAVARAM in 523 WEST GODAVARI ; 4984 BHIMAVARAM in 523 WEST GODAVARI,"One ULB carries two mandal codes in the same district, which looks like two coding schemes in one table"
C1,swacch_survekshan_info_new1_api,"dstrt_nm, ulb_nm",BOBBILI (Vizianagaram),lgd_mandal_code,1090 BOBBILI in 521 VIZIANAGARAM ; 4816 BOBBILI in 521 VIZIANAGARAM,"One ULB carries two mandal codes in the same district, which looks like two coding schemes in one table"
C1,swacch_survekshan_info_new1_api,"dstrt_nm, ulb_nm","BUCHIREDDYPALEM (""SPSR Nellore"")",lgd_mandal_code,1185 BUCHIREDDYPALEM in 515 SRI POTTI SRIRAMULU NELLORE ; 5170 BUCHIREDDYPALEM in 515 SRI POTTI SRIRAMULU NELLORE,"One ULB carries two mandal codes in the same district, which looks like two coding schemes in one table"
C1,swacch_survekshan_info_new1_api,"dstrt_nm, ulb_nm",CHILAKALURIPET (Palnadu),lgd_mandal_code,1020 CHILAKALURIPET in 751 PALNADU ; 5070 CHILAKALURIPET in 751 PALNADU,"One ULB carries two mandal codes in the same district, which looks like two coding schemes in one table"
C1,swacch_survekshan_info_new1_api,"dstrt_nm, ulb_nm",CHINTALAPUDI (Eluru),lgd_mandal_code,1193 CHINTALAPUDI in 748 ELURU ; 4944 CHINTALAPUDI in 748 ELURU,"One ULB carries two mandal codes in the same district, which looks like two coding schemes in one table"
C1,swacch_survekshan_info_new1_api,"dstrt_nm, ulb_nm",CHIRALA (Bapatla),lgd_mandal_code,1032 CHIRALA in 750 BAPATLA ; 5123 CHIRALA in 750 BAPATLA,"One ULB carries two mandal codes in the same district, which looks like two coding schemes in one table"
C1,swacch_survekshan_info_new1_api,"dstrt_nm, ulb_nm",CHITTOOR (Chittoor),lgd_mandal_code,1008 CHITTOOR in 503 CHITTOOR ; 5421 CHITTOOR in 503 CHITTOOR,"One ULB carries two mandal codes in the same district, which looks like two coding schemes in one table"
C1,swacch_survekshan_info_new1_api,"dstrt_nm, ulb_nm",DACHEPALLI (Palnadu),lgd_mandal_code,1183 DACHEPALLI in 751 PALNADU ; 5045 DACHEPALLI in 751 PALNADU,"One ULB carries two mandal codes in the same district, which looks like two coding schemes in one table"
C1,swacch_survekshan_info_new1_api,"dstrt_nm, ulb_nm",DARSI (Prakasam),lgd_mandal_code,1186 DARSI in 517 PRAKASAM ; 5114 DARSI in 517 PRAKASAM,"One ULB carries two mandal codes in the same district, which looks like two coding schemes in one table"
C1,swacch_survekshan_info_new1_api,"dstrt_nm, ulb_nm","DHARMAVARAM (""Sri Satya Sai"")",lgd_mandal_code,1002 DHARMAVARAM in 754 SRI SATHYA SAI ; 5336 DHARMAVARAM in 754 SRI SATHYA SAI,"One ULB carries two mandal codes in the same district, which looks like two coding schemes in one table"
C1,swacch_survekshan_info_new1_api,"dstrt_nm, ulb_nm",DHONE (Nandyal),lgd_mandal_code,1125 DHONE in 755 NANDYAL ; 5289 DHONE in 755 NANDYAL,"One ULB carries two mandal codes in the same district, which looks like two coding schemes in one table"
C1,swacch_survekshan_info_new1_api,"dstrt_nm, ulb_nm",ELURU (Eluru),lgd_mandal_code,1075 ELURU in 748 ELURU ; 4966 ELURU in 748 ELURU,"One ULB carries two mandal codes in the same district, which looks like two coding schemes in one table"
C1,swacch_survekshan_info_new1_api,"dstrt_nm, ulb_nm",GOLLAPROLU (Kakinada),lgd_mandal_code,1138 GOLLAPROLU in 746 KAKINADA ; 4902 GOLLAPROLU in 746 KAKINADA,"One ULB carries two mandal codes in the same district, which looks like two coding schemes in one table"
C1,swacch_survekshan_info_new1_api,"dstrt_nm, ulb_nm",GOOTY (Anantapur),lgd_mandal_code,1156 GOOTY in 502 ANANTHAPURAMU ; 5310 GOOTY in 502 ANANTHAPURAMU,"One ULB carries two mandal codes in the same district, which looks like two coding schemes in one table"
C1,swacch_survekshan_info_new1_api,"dstrt_nm, ulb_nm",GUDIVADA (Krishna),lgd_mandal_code,1068 GUDIVADA in 510 KRISHNA ; 5021 GUDIVADA in 510 KRISHNA,"One ULB carries two mandal codes in the same district, which looks like two coding schemes in one table"
C1,swacch_survekshan_info_new1_api,"dstrt_nm, ulb_nm","HINDUPUR (""Sri Satya Sai"")",lgd_mandal_code,1004 HINDUPUR in 754 SRI SATHYA SAI ; 5364 HINDUPUR in 754 SRI SATHYA SAI,"One ULB carries two mandal codes in the same district, which looks like two coding schemes in one table"
C1,swacch_survekshan_info_new1_api,"dstrt_nm, ulb_nm","JAMMALAMADUGU (""YSR Kadapa"")",lgd_mandal_code,1124 JAMMALAMADUGU in 504 YSR KADAPA ; 5215 JAMMALAMADUGU in 504 YSR KADAPA,"One ULB carries two mandal codes in the same district, which looks like two coding schemes in one table"
C1,swacch_survekshan_info_new1_api,"dstrt_nm, ulb_nm","KADIRI (""Sri Satya Sai"")",lgd_mandal_code,1005 KADIRI in 754 SRI SATHYA SAI ; 5343 KADIRI in 754 SRI SATHYA SAI,"One ULB carries two mandal codes in the same district, which looks like two coding schemes in one table"
C1,swacch_survekshan_info_new1_api,"dstrt_nm, ulb_nm","KAMALAPURAM (""YSR Kadapa"")",lgd_mandal_code,1181 KAMALAPURAM in 504 YSR KADAPA ; 5224 KAMALAPURAM in 504 YSR KADAPA,"One ULB carries two mandal codes in the same district, which looks like two coding schemes in one table"
C1,swacch_survekshan_info_new1_api,"dstrt_nm, ulb_nm",KANDUKUR (Prakasam),lgd_mandal_code,1033 KANDUKUR in 517 PRAKASAM ; 5148 KANDUKUR in 517 PRAKASAM,"One ULB carries two mandal codes in the same district, which looks like two coding schemes in one table"
C1,swacch_survekshan_info_new1_api,"dstrt_nm, ulb_nm",KANIGIRI (Markapuram),lgd_mandal_code,1150 KANIGIRI in 790 MARKAPURAM ; 5136 KANIGIRI in 790 MARKAPURAM,"One ULB carries two mandal codes in the same district, which looks like two coding schemes in one table"
C1,swacch_survekshan_info_new1_api,"dstrt_nm, ulb_nm","KAVALI (""SPSR Nellore"")",lgd_mandal_code,1030 KAVALI in 515 SRI POTTI SRIRAMULU NELLORE ; 5158 KAVALI in 515 SRI POTTI SRIRAMULU NELLORE,"One ULB carries two mandal codes in the same district, which looks like two coding schemes in one table"
C1,swacch_survekshan_info_new1_api,"dstrt_nm, ulb_nm","KOVVUR (""East Godavari"")",lgd_mandal_code,1076 KOVVUR in 505 EAST GODAVARI ; 4958 KOVVUR in 505 EAST GODAVARI,"One ULB carries two mandal codes in the same district, which looks like two coding schemes in one table"
C1,swacch_survekshan_info_new1_api,"dstrt_nm, ulb_nm",KUPPAM (Chittoor),lgd_mandal_code,1180 KUPPAM in 503 CHITTOOR ; 5427 KUPPAM in 503 CHITTOOR,"One ULB carries two mandal codes in the same district, which looks like two coding schemes in one table"
C1,swacch_survekshan_info_new1_api,"dstrt_nm, ulb_nm",KURNOOL (Kurnool),lgd_mandal_code,1016 KURNOOL in 511 KURNOOL ; 5259 KURNOOL in 511 KURNOOL,"One ULB carries two mandal codes in the same district, which looks like two coding schemes in one table"
C1,swacch_survekshan_info_new1_api,"dstrt_nm, ulb_nm",MACHERLA (Palnadu),lgd_mandal_code,1022 MACHERLA in 751 PALNADU ; 5040 MACHERLA in 751 PALNADU,"One ULB carries two mandal codes in the same district, which looks like two coding schemes in one table"
C1,swacch_survekshan_info_new1_api,"dstrt_nm, ulb_nm",MACHILIPATNAM (Krishna),lgd_mandal_code,1070 MACHILIPATNAM in 510 KRISHNA ; 5034 MACHILIPATNAM in 510 KRISHNA,"One ULB carries two mandal codes in the same district, which looks like two coding schemes in one table"
C1,swacch_survekshan_info_new1_api,"dstrt_nm, ulb_nm","MADAKASIRA (""Sri Satya Sai"")",lgd_mandal_code,1154 MADAKASIRA in 754 SRI SATHYA SAI ; 5350 MADAKASIRA in 754 SRI SATHYA SAI,"One ULB carries two mandal codes in the same district, which looks like two coding schemes in one table"
C1,swacch_survekshan_info_new1_api,"dstrt_nm, ulb_nm",MARKAPUR (Markapuram),lgd_mandal_code,1034 MARKAPUR in 790 MARKAPURAM ; 5115 MARKAPUR in 790 MARKAPURAM,"One ULB carries two mandal codes in the same district, which looks like two coding schemes in one table"
C1,swacch_survekshan_info_new1_api,"dstrt_nm, ulb_nm","MUMMIDIVARAM (""Dr. B.R. Ambedkar Konaseema"")",lgd_mandal_code,1139 MUMMIDIVARAM in 747 DR.B.R.AMBEDKAR KONASEEMA ; 4932 MUMMIDIVARAM in 747 DR.B.R.AMBEDKAR KONASEEMA,"One ULB carries two mandal codes in the same district, which looks like two coding schemes in one table"
C1,swacch_survekshan_info_new1_api,"dstrt_nm, ulb_nm","MYDUKUR (""YSR Kadapa"")",lgd_mandal_code,1164 MYDUKUR in 504 YSR KADAPA ; 5204 MYDUKUR in 504 YSR KADAPA,"One ULB carries two mandal codes in the same district, which looks like two coding schemes in one table"
C1,swacch_survekshan_info_new1_api,"dstrt_nm, ulb_nm",NAGARI (Chittoor),lgd_mandal_code,1118 NAGARI in 503 CHITTOOR ; 5406 NAGARI in 503 CHITTOOR,"One ULB carries two mandal codes in the same district, which looks like two coding schemes in one table"
C1,swacch_survekshan_info_new1_api,"dstrt_nm, ulb_nm",NANDIGAMA (NTR),lgd_mandal_code,1145 NANDIGAMA in 749 NTR ; 4993 NANDIGAMA in 749 NTR,"One ULB carries two mandal codes in the same district, which looks like two coding schemes in one table"
C1,swacch_survekshan_info_new1_api,"dstrt_nm, ulb_nm",NANDIKOTKUR (Nandyal),lgd_mandal_code,1161 NANDIKOTKUR in 755 NANDYAL ; 5260 NANDIKOTKUR in 755 NANDYAL,"One ULB carries two mandal codes in the same district, which looks like two coding schemes in one table"
C1,swacch_survekshan_info_new1_api,"dstrt_nm, ulb_nm",NANDYAL (Nandyal),lgd_mandal_code,1017 NANDYAL in 755 NANDYAL ; 5284 NANDYAL in 755 NANDYAL,"One ULB carries two mandal codes in the same district, which looks like two coding schemes in one table"
C1,swacch_survekshan_info_new1_api,"dstrt_nm, ulb_nm",NARASARAOPET (Palnadu),lgd_mandal_code,1024 NARASARAOPET in 751 PALNADU ; 5067 NARASARAOPET in 751 PALNADU,"One ULB carries two mandal codes in the same district, which looks like two coding schemes in one table"
C1,swacch_survekshan_info_new1_api,"dstrt_nm, ulb_nm",NARSIPATNAM (Anakapalli),lgd_mandal_code,1136 NARSIPATNAM in 744 ANAKAPALLI ; 4854 NARSIPATNAM in 744 ANAKAPALLI,"One ULB carries two mandal codes in the same district, which looks like two coding schemes in one table"
C1,swacch_survekshan_info_new1_api,"dstrt_nm, ulb_nm",NELLIMARLA (Vizianagaram),lgd_mandal_code,1135 NELLIMARLA in 521 VIZIANAGARAM ; 4837 NELLIMARLA in 521 VIZIANAGARAM,"One ULB carries two mandal codes in the same district, which looks like two coding schemes in one table"
C1,swacch_survekshan_info_new1_api,"dstrt_nm, ulb_nm","NIDADAVOLE (""East Godavari"")",lgd_mandal_code,1078 NIDADAVOLE in 505 EAST GODAVARI ; 4960 NIDADAVOLE in 505 EAST GODAVARI,"One ULB carries two mandal codes in the same district, which looks like two coding schemes in one table"
C1,swacch_survekshan_info_new1_api,"dstrt_nm, ulb_nm",ONGOLE (Prakasam),lgd_mandal_code,1035 ONGOLE in 517 PRAKASAM ; 5139 ONGOLE in 517 PRAKASAM,"One ULB carries two mandal codes in the same district, which looks like two coding schemes in one table"
C1,swacch_survekshan_info_new1_api,"dstrt_nm, ulb_nm","PALAKONDA (""Parvathipuram Manyam"")",lgd_mandal_code,1134 PALAKONDA in 743 PARVATHIPURAM MANYAM ; 4784 PALAKONDA in 743 PARVATHIPURAM MANYAM,"One ULB carries two mandal codes in the same district, which looks like two coding schemes in one table"
C1,swacch_survekshan_info_new1_api,"dstrt_nm, ulb_nm","PARVATHIPURAM (""Parvathipuram Manyam"")",lgd_mandal_code,1091 PARVATHIPURAM in 743 PARVATHIPURAM MANYAM ; 4812 PARVATHIPURAM in 743 PARVATHIPURAM MANYAM,"One ULB carries two mandal codes in the same district, which looks like two coding schemes in one table"
C1,swacch_survekshan_info_new1_api,"dstrt_nm, ulb_nm",PEDANA (Krishna),lgd_mandal_code,1072 PEDANA in 510 KRISHNA ; 5030 PEDANA in 510 KRISHNA,"One ULB carries two mandal codes in the same district, which looks like two coding schemes in one table"
C1,swacch_survekshan_info_new1_api,"dstrt_nm, ulb_nm",PEDDAPURAM (Kakinada),lgd_mandal_code,1062 PEDDAPURAM in 746 KAKINADA ; 4903 PEDDAPURAM in 746 KAKINADA,"One ULB carries two mandal codes in the same district, which looks like two coding schemes in one table"
C1,swacch_survekshan_info_new1_api,"dstrt_nm, ulb_nm","PENUKONDA (""Sri Satya Sai"")",lgd_mandal_code,1179 PENUKONDA in 754 SRI SATHYA SAI ; 5356 PENUKONDA in 754 SRI SATHYA SAI,"One ULB carries two mandal codes in the same district, which looks like two coding schemes in one table"
C1,swacch_survekshan_info_new1_api,"dstrt_nm, ulb_nm",PIDUGURALLA (Palnadu),lgd_mandal_code,1132 PIDUGURALLA in 751 PALNADU ; 5047 PIDUGURALLA in 751 PALNADU,"One ULB carries two mandal codes in the same district, which looks like two coding schemes in one table"
C1,swacch_survekshan_info_new1_api,"dstrt_nm, ulb_nm",PITHAPURAM (Kakinada),lgd_mandal_code,1063 PITHAPURAM in 746 KAKINADA ; 4911 PITHAPURAM in 746 KAKINADA,"One ULB carries two mandal codes in the same district, which looks like two coding schemes in one table"
C1,swacch_survekshan_info_new1_api,"dstrt_nm, ulb_nm",PODILI (Markapuram),lgd_mandal_code,1191 PODILI in 790 MARKAPURAM ; 5120 PODILI in 790 MARKAPURAM,"One ULB carries two mandal codes in the same district, which looks like two coding schemes in one table"
C1,swacch_survekshan_info_new1_api,"dstrt_nm, ulb_nm",PONNUR (Guntur),lgd_mandal_code,1025 PONNUR in 506 GUNTUR ; 5084 PONNUR in 506 GUNTUR,"One ULB carries two mandal codes in the same district, which looks like two coding schemes in one table"
C1,swacch_survekshan_info_new1_api,"dstrt_nm, ulb_nm","PRODDATUR (""YSR Kadapa"")",lgd_mandal_code,1014 PRODDATUR in 504 YSR KADAPA ; 5214 PRODDATUR in 504 YSR KADAPA,"One ULB carries two mandal codes in the same district, which looks like two coding schemes in one table"
C1,swacch_survekshan_info_new1_api,"dstrt_nm, ulb_nm","PULIVENDULA (""YSR Kadapa"")",lgd_mandal_code,1122 PULIVENDULA in 504 YSR KADAPA ; 5219 PULIVENDULA in 504 YSR KADAPA,"One ULB carries two mandal codes in the same district, which looks like two coding schemes in one table"
C1,swacch_survekshan_info_new1_api,"dstrt_nm, ulb_nm",PUNGANUR (Annamayya),lgd_mandal_code,1010 PUNGANUR in 753 ANNAMAYYA ; 5415 PUNGANUR in 753 ANNAMAYYA,"One ULB carries two mandal codes in the same district, which looks like two coding schemes in one table"
C1,swacch_survekshan_info_new1_api,"dstrt_nm, ulb_nm","PUTTAPARTHI (""Sri Satya Sai"")",lgd_mandal_code,1155 PUTTAPARTHY in 754 SRI SATHYA SAI ; 5357 PUTTAPARTHY in 754 SRI SATHYA SAI,"One ULB carries two mandal codes in the same district, which looks like two coding schemes in one table"
C1,swacch_survekshan_info_new1_api,"dstrt_nm, ulb_nm",PUTTUR (Tirupati),lgd_mandal_code,1119 PUTTUR in 752 TIRUPATI ; 5407 PUTTUR in 752 TIRUPATI,"One ULB carries two mandal codes in the same district, which looks like two coding schemes in one table"
C1,swacch_survekshan_info_new1_api,"dstrt_nm, ulb_nm",RAJAM (Vizianagaram),lgd_mandal_code,1133 RAJAM in 521 VIZIANAGARAM ; 4796 RAJAM in 521 VIZIANAGARAM,"One ULB carries two mandal codes in the same district, which looks like two coding schemes in one table"
C1,swacch_survekshan_info_new1_api,"dstrt_nm, ulb_nm",RAYACHOTY (Annamayya),lgd_mandal_code,1121 RAYACHOTY in 753 ANNAMAYYA ; 5239 RAYACHOTY in 753 ANNAMAYYA,"One ULB carries two mandal codes in the same district, which looks like two coding schemes in one table"
C1,swacch_survekshan_info_new1_api,"dstrt_nm, ulb_nm",RAYADURG (Anantapur),lgd_mandal_code,1006 RAYADURG in 502 ANANTHAPURAMU ; 5305 RAYADURG in 502 ANANTHAPURAMU,"One ULB carries two mandal codes in the same district, which looks like two coding schemes in one table"
C1,swacch_survekshan_info_new1_api,"dstrt_nm, ulb_nm",REPALLE (Bapatla),lgd_mandal_code,1026 REPALLE in 750 BAPATLA ; 5096 REPALLE in 750 BAPATLA,"One ULB carries two mandal codes in the same district, which looks like two coding schemes in one table"
C1,swacch_survekshan_info_new1_api,"dstrt_nm, ulb_nm",SAMALKOT (Kakinada),lgd_mandal_code,1066 SAMALKOT in 746 KAKINADA ; 4910 SAMALKOT in 746 KAKINADA,"One ULB carries two mandal codes in the same district, which looks like two coding schemes in one table"
C1,swacch_survekshan_info_new1_api,"dstrt_nm, ulb_nm",SRIKAKULAM (Srikakulam),lgd_mandal_code,1085 SRIKAKULAM in 519 SRIKAKULAM ; 4802 SRIKAKULAM in 519 SRIKAKULAM,"One ULB carries two mandal codes in the same district, which looks like two coding schemes in one table"
C1,swacch_survekshan_info_new1_api,"dstrt_nm, ulb_nm",SRIKALAHASTI (Tirupati),lgd_mandal_code,1011 SRIKALAHASTI in 752 TIRUPATI ; 5378 SRIKALAHASTI in 752 TIRUPATI,"One ULB carries two mandal codes in the same district, which looks like two coding schemes in one table"
C1,swacch_survekshan_info_new1_api,"dstrt_nm, ulb_nm","TADEPALLIGUDEM (""West Godavari"")",lgd_mandal_code,1080 TADEPALLIGUDEM in 523 WEST GODAVARI ; 4961 TADEPALLIGUDEM in 523 WEST GODAVARI,"One ULB carries two mandal codes in the same district, which looks like two coding schemes in one table"
C1,swacch_survekshan_info_new1_api,"dstrt_nm, ulb_nm","TANUKU (""West Godavari"")",lgd_mandal_code,1081 TANUKU in 523 WEST GODAVARI ; 4972 TANUKU in 523 WEST GODAVARI,"One ULB carries two mandal codes in the same district, which looks like two coding schemes in one table"
C1,swacch_survekshan_info_new1_api,"dstrt_nm, ulb_nm",TENALI (Guntur),lgd_mandal_code,1028 TENALI in 506 GUNTUR ; 5078 TENALI in 506 GUNTUR,"One ULB carries two mandal codes in the same district, which looks like two coding schemes in one table"
C1,swacch_survekshan_info_new1_api,"dstrt_nm, ulb_nm",TIRUVURU (NTR),lgd_mandal_code,1146 TIRUVURU in 749 NTR ; 4997 TIRUVURU in 749 NTR,"One ULB carries two mandal codes in the same district, which looks like two coding schemes in one table"
C1,swacch_survekshan_info_new1_api,"dstrt_nm, ulb_nm",TUNI (Kakinada),lgd_mandal_code,1067 TUNI in 746 KAKINADA ; 4890 TUNI in 746 KAKINADA,"One ULB carries two mandal codes in the same district, which looks like two coding schemes in one table"
C1,swacch_survekshan_info_new1_api,"dstrt_nm, ulb_nm",VENKATAGIRI (Tirupati),lgd_mandal_code,1127 VENKATAGIRI in 752 TIRUPATI ; 5187 VENKATAGIRI in 752 TIRUPATI,"One ULB carries two mandal codes in the same district, which looks like two coding schemes in one table"
C1,swacch_survekshan_info_new1_api,"dstrt_nm, ulb_nm",VINUKONDA (Palnadu),lgd_mandal_code,1131 VINUKONDA in 751 PALNADU ; 5062 VINUKONDA in 751 PALNADU,"One ULB carries two mandal codes in the same district, which looks like two coding schemes in one table"
C1,swacch_survekshan_info_new1_api,"dstrt_nm, ulb_nm",VUYYURU (Krishna),lgd_mandal_code,1144 VUYYURU in 510 KRISHNA ; 5027 VUYYURU in 510 KRISHNA,"One ULB carries two mandal codes in the same district, which looks like two coding schemes in one table"
C1,swacch_survekshan_info_new1_api,"dstrt_nm, ulb_nm",YELESWARAM (Kakinada),lgd_mandal_code,1140 YELESWARAM in 746 KAKINADA ; 4893 YELESWARAM in 746 KAKINADA,"One ULB carries two mandal codes in the same district, which looks like two coding schemes in one table"
C1,swacch_survekshan_info_new1_api,"dstrt_nm, ulb_nm",YEMMIGANUR (Kurnool),lgd_mandal_code,1018 YEMMIGANUR in 511 KURNOOL ; 5254 YEMMIGANUR in 511 KURNOOL,"One ULB carries two mandal codes in the same district, which looks like two coding schemes in one table"
C1,swacch_survekshan_info_new1_api,"dstrt_nm, ulb_nm","YERRAGUNTLA (""YSR Kadapa"")",lgd_mandal_code,1165 YERRAGUNTLA in 504 YSR KADAPA ; 5223 YERRAGUNTLA in 504 YSR KADAPA,"One ULB carries two mandal codes in the same district, which looks like two coding schemes in one table"
A2,several,district_id,10,district name,CHITTOOR in 8 datasets ; ELURU in 2 datasets,The same district_id names different districts
A2,several,district_id,11,district name,WEST GODAVARI in 2 datasets ; Y.S.R in 3 datasets ; Y.S.R. KADAPA in 2 datasets ; YSR in 3 datasets,The same district_id names different districts
A2,several,district_id,12,district name,ANANTAPUR in 3 datasets ; ANANTHAPUR in 3 datasets ; ANANTHAPURAMU in 2 datasets ; NTR in 2 datasets,The same district_id names different districts
A2,several,district_id,13,district name,KRISHNA in 2 datasets ; KURNOOL in 8 datasets,The same district_id names different districts
A2,several,district_id,14,district name,ALLURI SITHARAMA RAJU in 2 datasets ; PALNADU in 2 datasets ; PARVATHIPURAM MANYAM in 3 datasets,The same district_id names different districts
A2,several,district_id,15,district name,ANAKAPALLI in 2 datasets ; GUNTUR in 2 datasets ; PARVATHIPURAM MANYAM in 3 datasets,The same district_id names different districts
A2,several,district_id,16,district name,ALLURI SITHARAMA RAJU in 3 datasets ; ANAKAPALLI in 3 datasets ; ANNAMAYYA in 2 datasets ; BAPATLA in 2 datasets,The same district_id names different districts
A2,several,district_id,17,district name,ANAKAPALLI in 3 datasets ; BAPATLA in 2 datasets ; KAKINADA in 3 datasets ; PRAKASAM in 2 datasets,The same district_id names different districts
A2,several,district_id,18,district name,DR. B.R.AMBEDKAR KONASEEMA in 2 datasets ; DR. BR AMBEDKAR KONASEEMA in 3 datasets ; KAKINADA in 3 datasets ; SRI POTTI SRIRAMULU NELLORE in 2 datasets,The same district_id names different districts
A2,several,district_id,19,district name,ELURU in 5 datasets ; KONASEEMA in 3 datasets ; KURNOOL in 2 datasets,The same district_id names different districts
A2,several,district_id,2,district name,PARVATHIPURAM MANYAM in 2 datasets ; VIZIANAGARAM in 5 datasets,The same district_id names different districts
A2,several,district_id,20,district name,ELURU in 3 datasets ; KAKINADA in 2 datasets ; NANDYAL in 2 datasets ; NTR in 3 datasets ; VMC in 3 datasets,The same district_id names different districts
A2,several,district_id,21,district name,ANANTAPURAM in 2 datasets ; BAPATLA in 3 datasets ; NANDYAL in 2 datasets ; NTR in 3 datasets,The same district_id names different districts
A2,several,district_id,22,district name,BAPATLA in 3 datasets ; NTR in 2 datasets ; PALNADU in 3 datasets ; SRI SATHYA SAI in 2 datasets,The same district_id names different districts
A2,several,district_id,23,district name,PALNADU in 5 datasets ; TIRUPATI in 3 datasets ; YSR KADAPA in 2 datasets,The same district_id names different districts
A2,several,district_id,24,district name,ANNAMAYYA in 5 datasets ; PARVATHIPURAM MANYAM in 2 datasets ; TIRUPATI in 3 datasets,The same district_id names different districts
A2,several,district_id,25,district name,ANNAMAYYA in 3 datasets ; SRI SATHYASAI in 2 datasets ; SRI SATYA SAI in 3 datasets ; TIRUPATI in 2 datasets,The same district_id names different districts
A2,several,district_id,26,district name,CHITTOOR in 2 datasets ; NANDYAL in 3 datasets ; SRI SATHYA SAI in 3 datasets ; TIRUPATI in 2 datasets,The same district_id names different districts
A2,several,district_id,27,district name,MARKAPURAM in 3 datasets ; NANDYAL in 3 datasets ; POLAVARAM in 2 datasets,The same district_id names different districts
A2,several,district_id,3,district name,VISAKHAPATNAM in 5 datasets ; VIZIANAGARAM in 2 datasets,The same district_id names different districts
A2,several,district_id,4,district name,EAST GODAVARI in 5 datasets ; VISAKHAPATNAM in 2 datasets,The same district_id names different districts
A2,several,district_id,6,district name,ANAKAPALLI in 2 datasets ; KRISHNA in 5 datasets,The same district_id names different districts
A2,several,district_id,7,district name,GUNTUR in 5 datasets ; KAKINADA in 2 datasets,The same district_id names different districts
A2,several,district_id,8,district name,EAST GODAVARI in 2 datasets ; PRAKASAM in 5 datasets,The same district_id names different districts
A2,several,district_id,9,district name,DR. B.R. AMBEDKAR KONASEEMA in 2 datasets ; SPSR NELLORE in 3 datasets ; SRI POTTI SRIRAMULU NELLORE in 2 datasets,The same district_id names different districts
