proposed_key,ulb_name,district,mepma_ulb_id,cdma_ulb_code,lgd_district_codes,lgd_mandal_codes,lgd_local_body_code,spellings_found,spellings,datasets,review_flags
MEPMA-181,NARSIPATNAM,ANAKAPALLI,181,1136,744,1136;4854,,2,ANAKAPALLI / NARSIPATNAM | Anakapalli / NARSIPATNAM | Anakapalli / Narsipatnam,16,"several mandal codes (A3, C1)"
MEPMA-182,YELLAMANCHALLI,ANAKAPALLI,182,1137,744,1137,,4,ANAKAPALLI / YELLAMANCHALLI | Anakapalli / YELAMANCHILI | Anakapalli / Yelamanchali | Anakapalli / Yelamanchili,12,4 spellings (A1)
MEPMA-8,ANANTHAPUR,ANANTHAPUR,8,1001,502,1001,,5,ANANTHAPUR / ANANTHAPUR | Anantapur / ANANTAPUR | Anantapur / Anantapur | Anantapuram / ANANTAPUR | Anantapuram / Ananthapuramu | Ananthapur / Ananthapur,16,"5 spellings (A1); ""ANANTAPUR"" (Anantapuram) attached by same spelling as an approved decision under another district label, review needed"
MEPMA-146,GOOTY,ANANTHAPUR,146,1156,502,1156;5310,,2,ANANTHAPUR / GOOTY | Anantapur / GOOTY | Anantapur / Gooty | Anantapuram / GOOTY | Anantapuram / Gooty | Ananthapur / Gooty,16,"several mandal codes (A3, C1)"
MEPMA-10,GUNTAKAL,ANANTHAPUR,10,1003,502,1003,,2,ANANTHAPUR / GUNTAKAL | Anantapur / GUNTAKAL | Anantapur / Guntakal | Anantapuram / GUNTAKAL | Anantapuram / Guntakal | Ananthapur / Guntakal,14,
MEPMA-189,KALYANDURG,ANANTHAPUR,189,1158,502,1158,,5,ANANTHAPUR / KALYANDURG | Anantapur / KALYANDURGAM | Anantapur / Kalyanadurgam | Anantapuram / KALYANADURGAM | Anantapuram / Kalyandurgam | Ananthapur / Kalyanadurgam | Ananthapur / Kalyandurgam,16,"5 spellings (A1); ""KALYANDURGAM"" (Anantapur) attached by same spelling as an approved decision under another district label, review needed; ""KALYANADURGAM"" (Anantapuram) attached by same spelling as an approved decision under another district label, review needed; ""Kalyandurgam"" (Ananthapur) attached by same spelling as an approved decision under another district label, review needed"
MEPMA-13,RAYADURG,ANANTHAPUR,13,1006,502,1006;5305,,2,ANANTHAPUR / RAYADURG | Anantapur / RAYADURG | Anantapur / Rayadurg | Anantapuram / RAYADURG | Anantapuram / Rayadurg | Ananthapur / Rayadurg,17,"several mandal codes (A3, C1)"
MEPMA-14,TADIPATRI,ANANTHAPUR,14,1007,502,1007,,2,ANANTHAPUR / TADIPATRI | Anantapur / TADIPATRI | Anantapur / Tadipatri | Anantapuram / TADIPATRI | Ananthapur / Tadipatri,14,
CDMA-1189,B KOTHAKOTA,Annamayya,,1189,753,1189;5391,,4,"Annamayya / ""B KOTHAKOTA"" | Annamayya / B KOTHAKOTA | Annamayya / B Kothakota | Annamayya / B.Kothakota",10,"several mandal codes (A3, C1); 4 spellings (A1); not in the MEPMA tables; ""B.Kothakota"" is not MADANAPALLE. The app review approved B.Kothakota as MADANAPALLE, but the CDMA daily file lists B KOTHAKOTA (ulb_code 1189) and MADANAPALLE (1009) as separate ULBs, and the Swachh Survekshan table codes B KOTHAKOTA as mandal 1189 or 5391, not 1009"
MEPMA-16,MADANAPALLE,ANNAMAYYA,16,1009,753,1009,,2,ANNAMAYYA / MADANAPALLE | Annamayya / MADANAPALLE | Annamayya / Madanapalle,14,
MEPMA-19,PUNGANUR,ANNAMAYYA,19,1010,753,1010;5415,,3,ANNAMAYYA / PUNGANUR | Annamayya / PUNGANUR | Annamayya / Punganur | Annamayya / Pungunur | Chittoor / Punganur,17,"several mandal codes (A3, C1)"
MEPMA-50,RAYACHOTY,ANNAMAYYA,50,1121,753,1121;5239,,4,ANNAMAYYA / RAYACHOTY | Annamayya / RAYACHOTI | Annamayya / RAYACHOTY | Annamayya / Rayachoti | Annamayya / Rayachoty,17,"several mandal codes (A3, C1); 4 spellings (A1)"
MEPMA-163,ADANKI,BAPATLA,163,1147,517,1147;5112,,3,BAPATLA / ADANKI | Prakasam / ADDANKI | Prakasam / Addanki,14,"several mandal codes (A3, C1)"
MEPMA-32,BAPATLA,BAPATLA,32,1019,750,1019;5093,,2,BAPATLA / BAPATLA | Bapatla / BAPATLA | Bapatla / Bapatla | Baptla / Bapatla,19,"several mandal codes (A3, C1)"
MEPMA-96,CHIRALA,BAPATLA,96,1032,750,1032;5123,,2,BAPATLA / CHIRALA | Bapatla / CHIRALA | Bapatla / Chirala | Baptla / Chirala,18,"several mandal codes (A3, C1)"
MEPMA-40,REPALLE,BAPATLA,40,1026,750,1026;5096,,2,BAPATLA / REPALLE | Bapatla / REPALLE | Bapatla / Repalle | Baptla / Repalle,14,"several mandal codes (A3, C1)"
MEPMA-15,CHITTOOR,CHITTOOR,15,1008,503,1008;5421,,2,CHITTOOR / CHITTOOR | Chittoor / CHITTOOR | Chittoor / Chittoor,16,"several mandal codes (A3, C1)"
MEPMA-204,KUPPAM,CHITTOOR,204,1180,503,1180;5427,,2,CHITTOOR / KUPPAM | Chittoor / KUPPAM | Chittoor / Kuppam,16,"several mandal codes (A3, C1)"
MEPMA-17,NAGARI,CHITTOOR,17,1118,503,1118;5406,,2,CHITTOOR / NAGARI | Chittoor / NAGARI | Chittoor / Nagari,17,"several mandal codes (A3, C1)"
MEPMA-18,PALAMANERU,CHITTOOR,18,1117,503,1117;5422,,4,CHITTOOR / PALAMANERU | Chittoor / PALAMANER | Chittoor / PALAMANERU | Chittoor / Palamaner | Chittoor / Palamaneru,16,"several mandal codes (A3, C1); 4 spellings (A1)"
MEPMA-23,AMALAPURAM,DR. BR AMBEDKAR KONASEEMA,23,1059,747,1059;4941,,2,"""Ambedkar Konaseema"" / Amalapuram | ""B.R Ambedkar Konaseema"" / Amalapuram | ""Dr. B.R Ambedkar Konaseema"" / Amalapuram | ""Dr. B.R. Ambedkar Konaseema"" / AMALAPURAM | Ambedkar Konaseema / Amalapuram | DR. BR AMBEDKAR KONASEEMA / AMALAPURAM | Dr. B.R Ambedkar Konaseema / Amalapuram | Dr. B.R. Ambedkar Konaseema / AMALAPURAM | Konaseema / Amalapuram",16,"several mandal codes (A3, C1)"
MEPMA-150,MUMIDIVARAM,DR. BR AMBEDKAR KONASEEMA,150,1139,747,1139;4932,,3,"""Ambedkar Konaseema"" / Mummidivaram | ""Dr. B.R Ambedkar Konaseema"" / Mummidivaram | ""Dr. B.R. Ambedkar Konaseema"" / MUMMIDIVARAM | Ambedkar Konaseema / Mummidivaram | DR. BR AMBEDKAR KONASEEMA / MUMIDIVARAM | Dr. B.R Ambedkar Konaseema / Mummidivaram | Dr. B.R. Ambedkar Konaseema / MUMMIDIVARAM",12,"several mandal codes (A3, C1)"
MEPMA-29,RAMACHANDRAPURAM,DR. BR AMBEDKAR KONASEEMA,29,1065,747;752,1065;4924;5398,,2,"""Ambedkar Konaseema"" / Ramachandrapuram | ""B.R Ambedkar Konaseema"" / Ramachandrapuram | ""Dr. B.R Ambedkar Konaseema"" / Ramachandrapuram | ""Dr. B.R. Ambedkar Konaseema"" / RAMACHANDRAPURAM | ""Dr. B.R. Ambedkar Konaseema"" / Ramachandrapuram | Ambedkar Konaseema / Ramachandrapuram | DR. BR AMBEDKAR KONASEEMA / RAMACHANDRAPURAM | Dr. B.R Ambedkar Konaseema / Ramachandrapuram | Dr. B.R. Ambedkar Konaseema / RAMACHANDRAPURAM | Dr. B.R. Ambedkar Konaseema / Ramachandrapuram | Konaseema / Ramachandrapuram",16,"several mandal codes (A3, C1); district codes disagree (N4)"
MEPMA-118,KOVVUR,EAST GODAVARI,118,1076,505,1076;4958,,3,"""East Godavari"" / KOVVUR | ""East Godavari"" / Kovvur | EAST GODAVARI / KOVVUR | East Godavari / KOVVUR | East Godavari / Kovvur | East Godavari / Kovvuru",14,"several mandal codes (A3, C1)"
MEPMA-25,MANDAPET,EAST GODAVARI,25,1061,505,1061;4920,,3,"""Ambedkar Konaseema"" / Mandapeta | ""East Godavari"" / MANDAPETA | ""East Godavari"" / Mandapeta | Ambedkar Konaseema / Mandapeta | EAST GODAVARI / MANDAPET | East Godavari / MANDAPETA | East Godavari / Mandapeta",14,"several mandal codes (A3, C1)"
MEPMA-120,NIDADAVOLE,EAST GODAVARI,120,1078,505,1078;4960,,4,"""East Godavari"" / NIDADAVOLE | ""East Godavari"" / Nidadavole | ""East Godavari"" / Nidadavolu | EAST GODAVARI / NIDADAVOLE | East Godavari / NIDADAVOLE | East Godavari / NIDADAVOLU | East Godavari / Nidadavole | East Godavari / Nidadavolu",15,"several mandal codes (A3, C1); 4 spellings (A1)"
MEPMA-28,RAJAHMUNDRY,EAST GODAVARI,28,1064,505,1064;4908,,6,"""East Godavari"" / RAJAHMUNDRY | ""East Godavari"" / Rajahmahendravaram | ""East Godavari"" / Rajamahendravaram | ""East Godavari"" / Rajamahendravarm | EAST GODAVARI / RAJAHMUNDRY | East Godavari / RAJAHMUNDRY | East Godavari / RAJAMAHENDRAVARAM | East Godavari / Rajahmahendravaram | East Godavari / Rajahmundry | East Godavari / Rajamahendravaram | East Godavari / Rajamahendravarm",18,"several mandal codes (A3, C1); 6 spellings (A1)"
MEPMA-216,CHINTALAPUDI,ELURU,216,1193,748,1193;4944,,3,ELURU / CHINTALAPUDI | Eluru / CHINTALAPUDI | Eluru / CHINTHALAPUDI | Eluru / Chintalapudi,14,"several mandal codes (A3, C1); ""CHINTHALAPUDI"" (Eluru) attached by LGD mandal code 1193, review needed"
MEPMA-117,ELURU,ELURU,117,1075,748,1075;4966,,2,ELURU / ELURU | Eluru / ELURU | Eluru / Eluru,16,"several mandal codes (A3, C1)"
MEPMA-170,JANGAREDDY GUDEM,ELURU,170,1142,748,1142,,3,"ELURU / ""JANGAREDDY GUDEM"" | Eluru / JANGAREDDYGUDEM | Eluru / Jangareddygudem",14,
MEPMA-67,NUZIVID,ELURU,67,1071,748,1071,,4,ELURU / NUZIVID | Eluru / NUZIVID | Eluru / NUZIVIDU | Eluru / Nuzivid | Eluru / Nuzvid,14,"4 spellings (A1); ""NUZIVIDU"" (Eluru) attached by its name contains ""NUZIVID"" or a known spelling of it, review needed"
MEPMA-34,GUNTUR,GUNTUR,34,1021,506,1021,,2,GUNTUR / GUNTUR | Guntur / GUNTUR | Guntur / Guntur,17,
MEPMA-36,MANGALAGIRI,GUNTUR,36,1023,506,1023;5054;5055,,7,"GUNTUR / MANGALAGIRI | Guntur / ""Mangalagiri- Tadepalli"" | Guntur / MANGALAGIRI | Guntur / MANGALAGIRI TADEPALLI | Guntur / Mangalagiri | Guntur / Mangalagiri Tadepalli | Guntur / Mangalagiri- Tadepalli | Guntur / Mangalagiri-Tadepalli",17,"several mandal codes (A3, C1); 7 spellings (A1)"
MEPMA-39,PONNUR,GUNTUR,39,1025,506,1025;5084,,3,GUNTUR / PONNUR | Guntur / PONNUR | Guntur / Ponnur | Guntur / Ponnuru,17,"several mandal codes (A3, C1)"
MEPMA-145,TADEPALLI,GUNTUR,145,,,,,1,GUNTUR / TADEPALLI,3,no LGD district code in any dataset; not in the CDMA daily files
MEPMA-42,TENALI,GUNTUR,42,1028,506,1028;5078,,2,GUNTUR / TENALI | Guntur / TENALI | Guntur / Tenali,15,"several mandal codes (A3, C1)"
MEPMA-149,GOLLAPROLLU,KAKINADA,149,1138,746,1138;4902,,5,KAKINADA / GOLLAPROLLU | Kakinada / GOLLAPROLU | Kakinada / Gollaprollu | Kakinada / Gollaprolu | Kakinada / Gollaprolu NP,12,"several mandal codes (A3, C1); 5 spellings (A1)"
MEPMA-24,KAKINADA,KAKINADA,24,1060,746,1060,,2,KAKINADA / KAKINADA | Kakinada / KAKINADA | Kakinada / Kakinada,15,
MEPMA-26,PEDDAPURAM,KAKINADA,26,1062,746,1062;4903,,2,KAKINADA / PEDDAPURAM | Kakinada / PEDDAPURAM | Kakinada / Peddapuram,16,"several mandal codes (A3, C1)"
MEPMA-27,PITHAPURAM,KAKINADA,27,1063,746,1063;4911,,2,KAKINADA / PITHAPURAM | Kakinada / PITHAPURAM | Kakinada / Pithapuram,17,"several mandal codes (A3, C1)"
MEPMA-30,SAMALKOT,KAKINADA,30,1066,746,1066;4910,,3,KAKINADA / SAMALKOT | Kakinada / SAMALKOT | Kakinada / Samalkot | Kakinada / Samalkota,16,"several mandal codes (A3, C1)"
MEPMA-31,TUNI,KAKINADA,31,1067,746,1067;4890,,2,KAKINADA / TUNI | Kakinada / TUNI | Kakinada / Tuni,14,"several mandal codes (A3, C1)"
MEPMA-172,YELESWARAM,KAKINADA,172,1140,746,1140;4893,,2,KAKINADA / YELESWARAM | Kakinada / YELESWARAM | Kakinada / Yeleswaram,15,"several mandal codes (A3, C1)"
MEPMA-64,GUDIVADA,KRISHNA,64,1068,510,1068;5021,,2,KRISHNA / GUDIVADA | Krishna / GUDIVADA | Krishna / Gudivada,15,"several mandal codes (A3, C1)"
MEPMA-66,MACHILIPATNAM,KRISHNA,66,1070,510,1070;5034,,2,KRISHNA / MACHILIPATNAM | Krishna / MACHILIPATNAM | Krishna / Machilipatnam,16,"several mandal codes (A3, C1)"
MEPMA-68,PEDANA,KRISHNA,68,1072,510,1072;5030,,2,KRISHNA / PEDANA | Krishna / PEDANA | Krishna / Pedana,13,"several mandal codes (A3, C1)"
MEPMA-174,VUYYURU,KRISHNA,174,1144,510,1144;5027,,2,KRISHNA / VUYYURU | Krishna / VUYYURU | Krishna / Vuyyuru,14,"several mandal codes (A3, C1)"
MEPMA-217,YSR TADIGADAPA,KRISHNA,217,1192,510,1192,,8,"KRISHNA / ""YSR TADIGADAPA"" | Krishna / ""YSR TADIGADAPA"" | Krishna / ""YSR Tadigada"" | Krishna / ""YSR Tadigadapa"" | Krishna / TADIGADAPA | Krishna / Tadigadapa | Krishna / YSR TADIGADAPA | Krishna / YSR Tadigada | Krishna / YSR Tadigadapa",15,8 spellings (A1)
MEPMA-70,ADONI,KURNOOL,70,1015,511,1015;5271,,2,KURNOOL / ADONI | Kurnool / ADONI | Kurnool / Adoni,15,"several mandal codes (A3, C1)"
MEPMA-156,GUDUR_KURNOOL,KURNOOL,156,1163,511,1163,,8,"KURNOOL / GUDUR_KURNOOL | Kurnool / ""Gudur (K)"" | Kurnool / ""Gudur (KNL)"" | Kurnool / GUDUR(KURNOOL) | Kurnool / Gudur (K) | Kurnool / Gudur (KNL) | Kurnool / Gudur(K) | Kurnool / Guduru (K)",11,8 spellings (A1)
MEPMA-72,KURNOOL,KURNOOL,72,1016,511,1016;5259,,2,KURNOOL / KURNOOL | Kurnool / KURNOOL | Kurnool / Kurnool,16,"several mandal codes (A3, C1)"
MEPMA-74,YEMMIGANUR,KURNOOL,74,1018,511,1018;5254,,2,KURNOOL / YEMMIGANUR | Kurnool / YEMMIGANUR | Kurnool / Yemmiganur,15,"several mandal codes (A3, C1)"
MEPMA-165,GIDDALUR,MARKAPURAM,165,1148,790,1148;5133,,4,MARKAPURAM / GIDDALUR | Markapuram / GIDDALUR | Markapuram / GIDDALURU | Markapuram / Giddalur | Markapuram / Giddaluru | Prakasam / Giddalur,15,"several mandal codes (A3, C1); 4 spellings (A1)"
MEPMA-166,KANIGIRI,MARKAPURAM,166,1150,790,1150;5136,,2,MARKAPURAM / KANIGIRI | Markapuram / KANIGIRI | Markapuram / Kanigiri | Prakasam / Kanigiri,17,"several mandal codes (A3, C1)"
MEPMA-98,MARKAPUR,MARKAPURAM,98,1034,790,1034;5115,,2,MARKAPURAM / MARKAPUR | Markapuram / MARKAPUR | Markapuram / Markapur,17,"several mandal codes (A3, C1)"
CDMA-1191,PODILI,Markapuram,,1191,790,1191;5120,,2,Markapuram / PODILI | Markapuram / Podili | Prakasam / Podili,11,"several mandal codes (A3, C1); not in the MEPMA tables"
MEPMA-177,ALLAGADDA,NANDYAL,177,1162,755,1162;5298,,2,NANDYAL / ALLAGADDA | Nandyal / ALLAGADDA | Nandyal / Allagadda | Nandyala / Allagadda,14,"several mandal codes (A3, C1)"
MEPMA-176,ATMAKUR-KURNOOL,NANDYAL,176,1160,755,1160,,9,"Kurnool / Atmakur K | NANDYAL / ATMAKUR-KURNOOL | Nandyal / ""Atmakur (KNL)"" | Nandyal / ATMAKUR(NANDYAL) | Nandyal / ATMAKUR_K | Nandyal / Atmakur | Nandyal / Atmakur (K) | Nandyal / Atmakur (KNL) | Nandyala / ""Atmakur (K)"" | Nandyala / Atmakur (K)",15,"9 spellings (A1); ""ATMAKUR(NANDYAL)"" (Nandyal) attached by its name contains ""ATMAKUR-KURNOOL"" or a known spelling of it, review needed"
MEPMA-210,BETHAMCHERLA,NANDYAL,210,1182,755,1182;5279,,3,NANDYAL / BETHAMCHERLA | Nandyal / BETHAMCHERLA | Nandyal / Bethamcherla | Nandyala / Bethamcharla,13,"several mandal codes (A3, C1)"
MEPMA-71,DHONE,NANDYAL,71,1125,755,1125;5289,,2,NANDYAL / DHONE | Nandyal / DHONE | Nandyal / Dhone | Nandyala / Dhone,17,"several mandal codes (A3, C1)"
MEPMA-185,NANDIKOTKUR,NANDYAL,185,1161,755,1161;5260,,2,NANDYAL / NANDIKOTKUR | Nandyal / NANDIKOTKUR | Nandyal / Nandikotkur | Nandyala / Nandikotkur,12,"several mandal codes (A3, C1)"
MEPMA-73,NANDYAL,NANDYAL,73,1017,755,1017;5284,,3,NANDYAL / NANDYAL | Nandyal / NANDYAL | Nandyal / Nandyal | Nandyal / Nandyala | Nandyala / Nandyal,15,"several mandal codes (A3, C1)"
MEPMA-65,JAGGIAHPET,NTR,65,1069,749,1069;4991,,7,"""NTR "" / Jaggiahpeta | NTR / JAGGAIAHPET | NTR / JAGGIAHPET | NTR / Jaggaiahpet | NTR / Jaggaiahpeta | NTR / Jaggaipeta | NTR / Jaggayyapeta | NTR / Jaggiahpeta",17,"several mandal codes (A3, C1); 7 spellings (A1)"
MEPMA-211,KONDAPALLI,NTR,211,1187,749,1187,,3,"""NTR "" / Kondapalli | NTR / KONDAPALLI | NTR / Kondapalli | NTR / Kondpalli",17,
MEPMA-175,NANDIGAMA,NTR,175,1145,749,1145;4993,,2,"""NTR "" / Nandigama | ""NTR District"" / Nandigama | NTR / NANDIGAMA | NTR / Nandigama",16,"several mandal codes (A3, C1)"
MEPMA-173,TIRUVURU,NTR,173,1146,749,1146;4997,,2,"""NTR "" / Tiruvuru | ""NTR District"" / Tiruvuru | NTR / TIRUVURU | NTR / Tiruvuru",17,"several mandal codes (A3, C1)"
MEPMA-33,CHILAKALURIPET,PALNADU,33,1020,751,1020;5070,,3,PALNADU / CHILAKALURIPET | Palnadu / CHILAKALURIPET | Palnadu / Chilakaluripet | Palnadu / Chilakaluripeta,13,"several mandal codes (A3, C1)"
MEPMA-207,DACHEPALLI,PALNADU,207,1183,751,1183;5045,,2,PALNADU / DACHEPALLI | Palnadu / DACHEPALLI | Palnadu / Dachepalli,13,"several mandal codes (A3, C1)"
MEPMA-206,GURAJALA,PALNADU,206,1184,751,1184;5044,,4,PALNADU / GURAJALA | Palnadu / GURAJALA | Palnadu / GURAZALA | Palnadu / Gurajala | Palnadu / Gurazala,13,"several mandal codes (A3, C1); 4 spellings (A1)"
MEPMA-35,MACHERLA,PALNADU,35,1022,751,1022;5040,,2,PALNADU / MACHERLA | Palnadu / MACHERLA | Palnadu / Macherla,18,"several mandal codes (A3, C1)"
MEPMA-37,NARASARAOPET,PALNADU,37,1024,751,1024;5067,,4,PALNADU / NARASARAOPET | Palnadu / NARASARAOPET | Palnadu / Narasaraopet | Palnadu / Narasaraopeta | Palnadu / Narsaraopet,15,"several mandal codes (A3, C1); 4 spellings (A1)"
MEPMA-38,PIDUGURALLA,PALNADU,38,1132,751,1132;5047,,2,PALNADU / PIDUGURALLA | Palnadu / PIDUGURALLA | Palnadu / Piduguralla,17,"several mandal codes (A3, C1)"
MEPMA-41,SATTENAPALLI,PALNADU,41,1027,751,1027;5058,,4,PALNADU / SATTENAPALLI | Palnadu / SATTENAPALLE | Palnadu / SATTENAPALLI | Palnadu / Sattenapalle | Palnadu / Sattenapalli,13,"several mandal codes (A3, C1); 4 spellings (A1)"
MEPMA-43,VINUKONDA,PALNADU,43,1131,751,1131;5062,,2,PALNADU / VINUKONDA | Palnadu / VINUKONDA | Palnadu / Vinukonda,18,"several mandal codes (A3, C1)"
MEPMA-203,PALAKONDA,PARVATHIPURAM MANYAM,203,1134,743,1134;4784,,3,"""Parvathipuram Manyam"" / PALAKONDA | ""Parvathipuram Manyam"" / Palakonda | ""Parvathipuram Manyam"" / Palkonda | PARVATHIPURAM MANYAM / PALAKONDA | Parvathipuram Manyam / PALAKONDA | Parvathipuram Manyam / Palakonda | Parvathipuram Manyam / Palkonda",14,"several mandal codes (A3, C1)"
MEPMA-111,PARVATHIPURAM,PARVATHIPURAM MANYAM,111,1091,743,1091;4812,,2,"""Parvathipuram Manyam"" / PARVATHIPURAM | ""Parvathipuram Manyam"" / Parvathipuram | PARVATHIPURAM MANYAM / PARVATHIPURAM | Parvathipuram Manyam / PARVATHIPURAM | Parvathipuram Manyam / Parvathipuram",15,"several mandal codes (A3, C1)"
MEPMA-112,SALUR,PARVATHIPURAM MANYAM,112,1092,743,1092;4817,,3,"""Parvathipuram Manyam"" / SALUR | ""Parvathipuram Manyam"" / Salur | PARVATHIPURAM MANYAM / SALUR | Parvathipuram Manyam / SALURU | Parvathipuram Manyam / Salur",12,"several mandal codes (A3, C1); ""SALURU"" (Parvathipuram Manyam) attached by its name contains ""SALUR"" or a known spelling of it, review needed"
MEPMA-164,CHIMAKURTHY,PRAKASAM,164,1149,517,1149;5128,,2,PRAKASAM / CHIMAKURTHY | Prakasam / CHIMAKURTHY | Prakasam / Chimakurthy,13,"several mandal codes (A3, C1)"
MEPMA-213,DARSI,PRAKASAM,213,1186,517,1186;5114,,2,PRAKASAM / DARSI | Prakasam / DARSI | Prakasam / Darsi,14,"several mandal codes (A3, C1)"
MEPMA-97,KANDUKUR,PRAKASAM,97,1033,517,1033;5148,,3,"""SPS Nellore"" / Kandukur | PRAKASAM / KANDUKUR | Prakasam / KANDUKUR | Prakasam / Kandhukuru | Prakasam / Kandukur | SPSR Nellore / Kandukur",18,"several mandal codes (A3, C1)"
MEPMA-99,ONGOLE,PRAKASAM,99,1035,517,1035;5139,,2,PRAKASAM / ONGOLE | Prakasam / ONGOLE | Prakasam / Ongole,18,"several mandal codes (A3, C1)"
MEPMA-183,ATMAKUR-N,SPSR NELLORE,183,1151,515,1151,,9,"""SPSR Nellore"" / ""Atmakur (NLR)"" | ""SPSR Nellore"" / ATMAKUR_N | Nellore / ""Atmakur (N)"" | Nellore / Atmakur (N) | SPSR NELLORE / ATMAKUR-N | SPSR Nellore / ATMAKUR_N | SPSR Nellore / Atmakur (N) | SPSR Nellore / Atmakur (NLR) | SPSR Nellore / Atmakur N | SPSR Nellore / Atmakur(N) | Sri Potti Sriramulu Nellore / ATMAKUR(NLR)",15,"9 spellings (A1); ""ATMAKUR(NLR)"" (Sri Potti Sriramulu Nellore) attached by same spelling as an approved decision under another district label, review needed"
MEPMA-209,BUCHIREDDYPALEM,SPSR NELLORE,209,1185,515,1185;5170,,2,"""SPSR Nellore"" / BUCHIREDDYPALEM | ""SPSR Nellore"" / Buchireddypalem | Nellore / Buchireddypalem | SPSR NELLORE / BUCHIREDDYPALEM | SPSR Nellore / BUCHIREDDYPALEM | SPSR Nellore / Buchireddypalem | Sri Potti Sriramulu Nellore / BUCHIREDDYPALEM",14,"several mandal codes (A3, C1)"
MEPMA-88,GUDUR,SPSR NELLORE,88,1029,511;515,1029;5184;5190;5257,,9,"""SPSR Nellore"" / ""Gudur (NLR)"" | ""SPSR Nellore"" / GUDUR | SPSR NELLORE / GUDUR | SPSR Nellore / GUDUR | SPSR Nellore / Gudur (N) | SPSR Nellore / Gudur (NLR) | SPSR Nellore / Gudur(N) | Sri Potti Sriramulu Nellore / GUDUR(Nellore) | Tirupati / ""Gudur Tpt"" | Tirupati / Gudur N | Tirupati / Gudur Tpt",17,"several mandal codes (A3, C1); 9 spellings (A1); district codes disagree (N4); ""GUDUR(Nellore)"" (Sri Potti Sriramulu Nellore) attached by LGD mandal code 5184, review needed"
MEPMA-89,KAVALI,SPSR NELLORE,89,1030,515,1030;5158,,2,"""SPSR Nellore"" / KAVALI | ""SPSR Nellore"" / Kavali | Nellore / Kavali | SPSR NELLORE / KAVALI | SPSR Nellore / KAVALI | SPSR Nellore / Kavali | Sri Potti Sriramulu Nellore / KAVALI",14,"several mandal codes (A3, C1)"
MEPMA-90,NELLORE,SPSR NELLORE,90,1031,515,1031,,2,"""SPSR Nellore"" / NELLORE | ""SPSR Nellore"" / Nellore | Nellore / Nellore | SPSR NELLORE / NELLORE | SPSR Nellore / NELLORE | SPSR Nellore / Nellore | Sri Potti Sriramulu Nellore / NELLORE",19,
CDMA-1190,ALLURU,Sri Potti Sriramulu Nellore,,1190,515,5167,,2,"""SPSR Nellore"" / ALLURU | ""SPSR Nellore"" / Alluru | Nellore / Alluru | SPSR Nellore / Alluru | Sri Potti Sriramulu Nellore / ALLURU",10,not in the MEPMA tables
MEPMA-9,DHARMAVARAM,SRI SATYA SAI,9,1002,754,1002;5336,,2,"""Sri Satya Sai"" / DHARMAVARAM | ""Sri Satya Sai"" / Dharmavaram | SRI SATYA SAI / DHARMAVARAM | Sri Sathya Sai / DHARMAVARAM | Sri Satya Sai / DHARMAVARAM | Sri Satya Sai / Dharmavaram | Sri Satyasai / Dharmavaram",15,"several mandal codes (A3, C1)"
MEPMA-11,HINDUPUR,SRI SATYA SAI,11,1004,754,1004;5364,,2,"""Sri Satya Sai"" / HINDUPUR | ""Sri Satya Sai"" / Hindupur | SRI SATYA SAI / HINDUPUR | Sri Sathya Sai / HINDUPUR | Sri Satya Sai / HINDUPUR | Sri Satya Sai / Hindupur | Sri Satyasai / Hindupur",15,"several mandal codes (A3, C1)"
MEPMA-12,KADIRI,SRI SATYA SAI,12,1005,754,1005;5343,,2,"""Sri Satya Sai"" / KADIRI | ""Sri Satya Sai"" / Kadiri | SRI SATYA SAI / KADIRI | Sri Sathya Sai / KADIRI | Sri Satya Sai / KADIRI | Sri Satya Sai / Kadiri | Sri Satyasai / Kadiri",18,"several mandal codes (A3, C1)"
MEPMA-147,MADAKASIRA,SRI SATYA SAI,147,1154,754,1154;5350,,3,"""Sri Satya Sai"" / MADAKASIRA | ""Sri Satya Sai"" / Madakasira | SRI SATYA SAI / MADAKASIRA | Sri Sathya Sai / MADAKASHIRA | Sri Satya Sai / MADAKASIRA | Sri Satya Sai / Madakasira",13,"several mandal codes (A3, C1); ""MADAKASHIRA"" (Sri Sathya Sai) attached by LGD mandal code 1154, review needed"
MEPMA-212,PENUKONDA,SRI SATYA SAI,212,1179,754,1179;5356,,2,"""Sri Satya Sai"" / PENUKONDA | ""Sri Satya Sai"" / Penukonda | SRI SATYA SAI / PENUKONDA | Sri Sathya Sai / PENUKONDA | Sri Satya Sai / PENUKONDA | Sri Satya Sai / Penukonda",13,"several mandal codes (A3, C1)"
MEPMA-148,PUTTAPARTHY,SRI SATYA SAI,148,1155,754,1155;5357,,4,"""Sri Satya Sai"" / PUTTAPARTHI | ""Sri Satya Sai"" / Puttaparthi | ""Sri Satya Sai"" / Puttaparthy | SRI SATYA SAI / PUTTAPARTHY | Sri Sathya Sai / PUTTAPARTHI | Sri Satya Sai / Puttaparthi | Sri Satya Sai / Puttaparthy",14,"several mandal codes (A3, C1); 4 spellings (A1); ""PUTTAPARTHI"" (Sri Sathya Sai) attached by same spelling as an approved decision under another district label, review needed"
MEPMA-102,AMADALAVALASA,SRIKAKULAM,102,1082,519,1082;4798,,3,SRIKAKULAM / AMADALAVALASA | Srikakulam / AMADALAVALASA | Srikakulam / Amadalavalasa | Srikakulam / Amudalavalasa,14,"several mandal codes (A3, C1)"
MEPMA-103,ICHAPURAM,SRIKAKULAM,103,1083,519,1083;4778,,3,SRIKAKULAM / ICHAPURAM | Srikakulam / ICHAPURAM | Srikakulam / ICHCHAPURAM | Srikakulam / Ichapuram,15,"several mandal codes (A3, C1)"
MEPMA-104,PALASA-KASSIBUGGA,SRIKAKULAM,104,1084,519,1084,,7,"SRIKAKULAM / PALASA-KASSIBUGGA | Srikakulam / ""PALASA KASIBUGGA"" | Srikakulam / ""Palasa Kasibugga"" | Srikakulam / PALASA KASIBUGGA | Srikakulam / PALASAKASIBUGGA | Srikakulam / Palasa -Kasibugga | Srikakulam / Palasa Kasibugga",15,7 spellings (A1)
MEPMA-106,SRIKAKULAM,SRIKAKULAM,106,1085,519,1085;4802;4806,,2,SRIKAKULAM / SRIKAKULAM | Srikakulam / SRIKAKULAM | Srikakulam / Srikakulam,14,"several mandal codes (A3, C1)"
MEPMA-200,NAIDUPET,TIRUPATI,200,1153,752,1153;5194,,4,TIRUPATI / NAIDUPET | Tirupati / NAIDUPET | Tirupati / NAIDUPETA | Tirupati / Naidupet | Tirupati / Naidupeta,14,"several mandal codes (A3, C1); 4 spellings (A1)"
MEPMA-20,PUTTUR,TIRUPATI,20,1119,752,1119;5407,,2,TIRUPATI / PUTTUR | Tirupati / PUTTUR | Tirupati / Puttur,15,"several mandal codes (A3, C1)"
MEPMA-21,SRIKALAHASTHI,TIRUPATI,21,1011,752,1011;5378,,4,TIRUPATI / SRIKALAHASTHI | Tirupati / SRIKALAHASTI | Tirupati / Srikalahasthi | Tirupati / Srikalahasti,15,"several mandal codes (A3, C1); 4 spellings (A1)"
MEPMA-184,SULLURPET,TIRUPATI,184,1152,752,1152;5197,,4,TIRUPATI / SULLURPET | Tirupati / SULLURPET | Tirupati / SULLURUPETA | Tirupati / Sullurpet | Tirupati / Sullurpeta,14,"several mandal codes (A3, C1); 4 spellings (A1); ""SULLURUPETA"" (Tirupati) attached by LGD mandal code 1152, review needed"
MEPMA-22,TIRUPATHI,TIRUPATI,22,1012,752,1012;5375,,4,TIRUPATI / TIRUPATHI | Tirupati / TIRUPATI | Tirupati / Tirupathi | Tirupati / Tirupati,17,"several mandal codes (A3, C1); 4 spellings (A1)"
MEPMA-91,VENKATAGIRI,TIRUPATI,91,1127,752,1127;5187,,2,TIRUPATI / VENKATAGIRI | Tirupati / VENKATAGIRI | Tirupati / Venkatagiri,18,"several mandal codes (A3, C1)"
MEPMA-107,ANAKAPALLE,VISAKHAPATNAM,107,,,,,1,VISAKHAPATNAM / ANAKAPALLE,3,no LGD district code in any dataset; not in the CDMA daily files
MEPMA-108,BHEEMUNIPATNAM,VISAKHAPATNAM,108,,,,,1,VISAKHAPATNAM / BHEEMUNIPATNAM,3,no LGD district code in any dataset; not in the CDMA daily files
MEPMA-109,GVMC,VISAKHAPATNAM,109,1086,520;744,1086;1087;1089;4865,,5,"VISAKHAPATNAM / GVMC | Visakhapatnam / ""GVMC VISAKHAPATNAM"" | Visakhapatnam / GVMC | Visakhapatnam / GVMC VISAKHAPATNAM | Visakhapatnam / VISAKHAPATNAM(GVMC) | Visakhapatnam / Visakhapatnam | Vishakapatnam / GVMC",18,"several mandal codes (A3, C1); 5 spellings (A1); district codes disagree (N4); ""VISAKHAPATNAM(GVMC)"" (Visakhapatnam) attached by its name contains ""GVMC"" or a known spelling of it, review needed"
MEPMA-110,BOBBILLI,VIZIANAGARAM,110,1090,521,1090;4816,,3,VIZIANAGARAM / BOBBILLI | Vizianagaram / BOBBILI | Vizianagaram / Bobbili,18,"several mandal codes (A3, C1)"
MEPMA-202,NELLIMARLA,VIZIANAGARAM,202,1135,521,1135;4837,,3,VIZIANAGARAM / NELLIMARLA | Vizianagaram / NELLIMARLA | Vizianagaram / Nellimarla | Vizianagaram / Nellimerla,14,"several mandal codes (A3, C1)"
MEPMA-105,RAJAM,VIZIANAGARAM,105,1133,521,1133;4796,,2,VIZIANAGARAM / RAJAM | Vizianagaram / RAJAM | Vizianagaram / Rajam,18,"several mandal codes (A3, C1)"
MEPMA-113,VIZIANAGARAM,VIZIANAGARAM,113,1093,521,1093;4836,,2,VIZIANAGARAM / VIZIANAGARAM | Vizianagaram / VIZIANAGARAM | Vizianagaram / Vizianagaram,16,"several mandal codes (A3, C1)"
MEPMA-69,VMC,VMC,69,1073,749,1073,,3,"""NTR "" / Vijayawada | NTR / VIJAYAWADA | NTR / Vijayawada | VMC / VMC",19,
MEPMA-208,AKIVEEDU,WEST GODAVARI,208,1188,523,1188;4975,,3,"""West Godavari District"" / Akivedu | ""West Godavari"" / AKIVEEDU | ""West Godavari"" / Akiveedu | WEST GODAVARI / AKIVEEDU | West Godavari / AKIVEEDU | West Godavari / Akiveedu | West Godavari District / Akivedu",13,"several mandal codes (A3, C1)"
MEPMA-116,BHIMAVARAM,WEST GODAVARI,116,1074,523,1074;4984,,2,"""West Godavari District"" / Bhimavaram | ""West Godavari"" / BHIMAVARAM | ""West Godavari"" / Bhimavaram | WEST GODAVARI / BHIMAVARAM | West Godavari / BHIMAVARAM | West Godavari / Bhimavaram | West Godavari District / Bhimavaram",15,"several mandal codes (A3, C1)"
MEPMA-119,NARSAPUR,WEST GODAVARI,119,1077,523,1077,,3,"""West Godavari District"" / Narsapur | ""West Godavari"" / NARASAPUR | ""West Godavari"" / Narsapur | WEST GODAVARI / NARSAPUR | West Godavari / NARASAPUR | West Godavari / Narsapur | West Godavari District / Narsapur",14,
MEPMA-121,PALAKOL,WEST GODAVARI,121,1079,523,1079,,3,"""West Godavari District"" / Palacole | ""West Godavari"" / PALACOLE | ""West Godavari"" / Palacole | WEST GODAVARI / PALAKOL | West Godavari / PALACOLE | West Godavari / PALAKOL | West Godavari / Palacole | West Godavari District / Palacole",14,
MEPMA-122,TADEPALLIGUDEM,WEST GODAVARI,122,1080,523,1080;4961,,2,"""West Godavari District"" / Tadepalligudem | ""West Godavari"" / TADEPALLIGUDEM | ""West Godavari"" / Tadepalligudem | WEST GODAVARI / TADEPALLIGUDEM | West Godavari / TADEPALLIGUDEM | West Godavari / Tadepalligudem | West Godavari District / Tadepalligudem",15,"several mandal codes (A3, C1)"
MEPMA-123,TANUKU,WEST GODAVARI,123,1081,523,1081;4972,,2,"""West Godavari District"" / Tanuku | ""West Godavari"" / TANUKU | ""West Godavari"" / Tanuku | WEST GODAVARI / TANUKU | West Godavari / TANUKU | West Godavari / Tanuku | West Godavari District / Tanuku",15,"several mandal codes (A3, C1)"
MEPMA-44,BADVEL,YSR,44,1123,504,1123;5210,,2,"""YSR Kadapa"" / BADVEL | ""YSR Kadapa"" / Badvel | Kadapa / Badvel | YSR / BADVEL | YSR Kadapa / BADVEL | YSR Kadapa / Badvel",14,"several mandal codes (A3, C1)"
MEPMA-45,JAMMULAAMADUGU,YSR,45,1124,504,1124;5215,,3,"""YSR Kadapa"" / JAMMALAMADUGU | ""YSR Kadapa"" / Jammalamadugu | Kadapa / Jammalamadugu | YSR / JAMMULAAMADUGU | YSR Kadapa / JAMMALAMADUGU | YSR Kadapa / Jammalamadugu",17,"several mandal codes (A3, C1)"
MEPMA-46,KADAPA,YSR,46,1013,504,1013,,2,"""YSR Kadapa"" / KADAPA | ""YSR Kadapa"" / Kadapa | Kadapa / Kadapa | YSR / KADAPA | YSR Kadapa / KADAPA | YSR Kadapa / Kadapa",15,
MEPMA-205,KAMALAPURAM,YSR,205,1181,504,1181;5224,,2,"""YSR Kadapa"" / KAMALAPURAM | ""YSR Kadapa"" / Kamalapuram | Kadapa / Kamalapuram | YSR / KAMALAPURAM | YSR Kadapa / KAMALAPURAM | YSR Kadapa / Kamalapuram",12,"several mandal codes (A3, C1)"
MEPMA-186,MYDUKUR,YSR,186,1164,504,1164;5204,,2,"""YSR Kadapa"" / MYDUKUR | ""YSR Kadapa"" / Mydukur | Kadapa / Mydukur | YSR / MYDUKUR | YSR Kadapa / MYDUKUR | YSR Kadapa / Mydukur",15,"several mandal codes (A3, C1)"
MEPMA-47,PRODDATUR,YSR,47,1014,504,1014;5214,,2,"""YSR Kadapa"" / PRODDATUR | ""YSR Kadapa"" / Proddatur | Kadapa / Proddatur | YSR / PRODDATUR | YSR Kadapa / PRODDATUR | YSR Kadapa / Proddatur",14,"several mandal codes (A3, C1)"
MEPMA-48,PULIVENDULA,YSR,48,1122,504,1122;5219,,2,"""YSR Kadapa"" / PULIVENDULA | ""YSR Kadapa"" / Pulivendula | Kadapa / Pulivendula | YSR / PULIVENDULA | YSR Kadapa / PULIVENDULA | YSR Kadapa / Pulivendula",16,"several mandal codes (A3, C1)"
MEPMA-49,RAJAMPET,YSR,49,1120,504,1120;5246,,4,"""YSR Kadapa"" / RAJAMPETA | Annamayya / Rajampet | YSR / RAJAMPET | YSR Kadapa / RAJAMPET | YSR Kadapa / RAJAMPETA | YSR Kadapa / Rajampeta",13,"several mandal codes (A3, C1); 4 spellings (A1)"
MEPMA-191,YERRAGUNTLA,YSR,191,1165,504,1165;5223,,2,"""YSR Kadapa"" / YERRAGUNTLA | ""YSR Kadapa"" / Yerraguntla | Kadapa / Yerraguntla | YSR / YERRAGUNTLA | YSR Kadapa / YERRAGUNTLA | YSR Kadapa / Yerraguntla",14,"several mandal codes (A3, C1)"
